2Theta,Intensity
20.00835563,8543.0
20.025066898980274,8424.0
20.041778167960548,8470.0
20.058489436940825,8628.0
20.075200705921098,8509.0
20.09191197490137,8447.0
20.108623243881645,8506.0
20.12533451286192,8579.0
20.142045781842192,8445.0
20.15875705082247,8390.0
20.175468319802743,8554.0
20.192179588783016,8314.0
20.20889085776329,8320.0
20.225602126743564,8347.0
20.242313395723837,8474.0
20.259024664704114,8501.0
20.275735933684388,8333.0
20.29244720266466,8400.0
20.309158471644935,8414.0
20.32586974062521,8434.0
20.342581009605485,8493.0
20.35929227858576,8379.0
20.376003547566032,8429.0
20.392714816546306,8322.0
20.40942608552658,8438.0
20.426137354506853,8323.0
20.44284862348713,8475.0
20.459559892467404,8326.0
20.476271161447677,8370.0
20.49298243042795,8138.0
20.509693699408224,8385.0
20.526404968388498,8560.0
20.543116237368775,8229.0
20.55982750634905,8513.0
20.576538775329322,8565.0
20.593250044309595,8332.0
20.60996131328987,8319.0
20.626672582270146,8293.0
20.64338385125042,8284.0
20.660095120230693,8311.0
20.676806389210967,8373.0
20.69351765819124,8285.0
20.710228927171514,8327.0
20.72694019615179,8219.0
20.743651465132064,8391.0
20.760362734112338,8198.0
20.77707400309261,8261.0
20.793785272072885,8448.0
20.810496541053162,8186.0
20.827207810033435,8412.0
20.84391907901371,8243.0
20.860630347993983,8261.0
20.877341616974256,8342.0
20.89405288595453,8218.0
20.910764154934807,8240.0
20.92747542391508,8153.0
20.944186692895354,8320.0
20.960897961875627,8099.0
20.9776092308559,8062.0
20.994320499836174,8237.0
21.01103176881645,8206.0
21.027743037796725,8285.0
21.044454306777,8211.0
21.061165575757272,8025.0
21.077876844737546,8037.0
21.09458811371782,8175.0
21.111299382698096,8240.0
21.12801065167837,8040.0
21.144721920658643,8080.0
21.161433189638917,8118.0
21.17814445861919,8210.0
21.194855727599467,8108.0
21.21156699657974,7963.0
21.228278265560014,8123.0
21.244989534540288,8106.0
21.26170080352056,8097.0
21.278412072500835,8126.0
21.295123341481112,8178.0
21.311834610461386,7981.0
21.32854587944166,7967.0
21.345257148421933,7996.0
21.361968417402206,7924.0
21.378679686382483,8206.0
21.395390955362757,8047.0
21.41210222434303,7850.0
21.428813493323304,8084.0
21.445524762303577,7978.0
21.46223603128385,8089.0
21.478947300264128,8001.0
21.4956585692444,7849.0
21.512369838224675,7789.0
21.52908110720495,7911.0
21.545792376185222,7918.0
21.562503645165496,8126.0
21.579214914145773,8130.0
21.595926183126046,7945.0
21.61263745210632,8047.0
21.629348721086593,7985.0
21.646059990066867,7816.0
21.66277125904714,8035.0
21.679482528027417,7987.0
21.69619379700769,8088.0
21.712905065987965,7853.0
21.729616334968238,7868.0
21.74632760394851,7974.0
21.76303887292879,7894.0
21.779750141909062,7853.0
21.796461410889336,8023.0
21.81317267986961,8044.0
21.829883948849883,7902.0
21.846595217830156,7824.0
21.863306486810433,7797.0
21.880017755790707,7890.0
21.89672902477098,7853.0
21.913440293751254,7825.0
21.930151562731528,7886.0
21.946862831711805,7858.0
21.963574100692078,7828.0
21.98028536967235,8084.0
21.996996638652625,8002.0
22.0137079076329,7973.0
22.030419176613172,7826.0
22.04713044559345,7981.0
22.063841714573723,7940.0
22.080552983553996,7770.0
22.09726425253427,8033.0
22.113975521514543,7848.0
22.13068679049482,7907.0
22.147398059475094,7847.0
22.164109328455368,7784.0
22.18082059743564,7846.0
22.197531866415915,7702.0
22.214243135396188,7687.0
22.23095440437646,7929.0
22.24766567335674,7709.0
22.264376942337012,7831.0
22.281088211317286,7577.0
22.29779948029756,7774.0
22.314510749277833,7883.0
22.33122201825811,7655.0
22.347933287238384,7845.0
22.364644556218657,7740.0
22.38135582519893,7737.0
22.398067094179204,7507.0
22.414778363159478,7721.0
22.431489632139755,7654.0
22.44820090112003,7612.0
22.464912170100302,7784.0
22.481623439080575,7767.0
22.49833470806085,7722.0
22.515045977041126,7688.0
22.5317572460214,7596.0
22.548468515001673,7800.0
22.565179783981947,7755.0
22.58189105296222,7652.0
22.598602321942494,7608.0
22.61531359092277,7766.0
22.632024859903044,7617.0
22.648736128883318,7667.0
22.66544739786359,7641.0
22.682158666843865,7679.0
22.698869935824142,7546.0
22.715581204804415,7677.0
22.73229247378469,7356.0
22.749003742764963,7653.0
22.765715011745236,7687.0
22.78242628072551,7740.0
22.799137549705783,7677.0
22.81584881868606,7583.0
22.832560087666334,7537.0
22.849271356646607,7584.0
22.86598262562688,7547.0
22.882693894607154,7602.0
22.89940516358743,7727.0
22.916116432567705,7462.0
22.93282770154798,7637.0
22.949538970528252,7616.0
22.966250239508526,7611.0
22.9829615084888,7551.0
22.999672777469076,7660.0
23.01638404644935,7738.0
23.033095315429623,7468.0
23.049806584409897,7535.0
23.06651785339017,7356.0
23.083229122370447,7544.0
23.09994039135072,7551.0
23.116651660330994,7563.0
23.133362929311268,7575.0
23.15007419829154,7612.0
23.166785467271815,7598.0
23.183496736252092,7458.0
23.200208005232366,7550.0
23.21691927421264,7388.0
23.233630543192913,7504.0
23.250341812173186,7486.0
23.267053081153463,7216.0
23.283764350133737,7674.0
23.30047561911401,7488.0
23.317186888094284,7400.0
23.333898157074557,7455.0
23.35060942605483,7535.0
23.367320695035104,7479.0
23.38403196401538,7434.0
23.400743232995655,7347.0
23.41745450197593,7405.0
23.434165770956202,7341.0
23.450877039936476,7454.0
23.467588308916753,7489.0
23.484299577897026,7464.0
23.5010108468773,7526.0
23.517722115857573,7387.0
23.534433384837847,7568.0
23.55114465381812,7484.0
23.567855922798397,7429.0
23.58456719177867,7373.0
23.601278460758945,7439.0
23.617989729739218,7500.0
23.63470099871949,7520.0
23.65141226769977,7532.0
23.668123536680042,7556.0
23.684834805660316,7678.0
23.70154607464059,7533.0
23.718257343620863,7529.0
23.734968612601136,7496.0
23.751679881581413,7425.0
23.768391150561687,7651.0
23.78510241954196,7460.0
23.801813688522234,7623.0
23.818524957502508,7550.0
23.835236226482785,7441.0
23.851947495463058,7548.0
23.86865876444333,7480.0
23.885370033423605,7585.0
23.90208130240388,7638.0
23.918792571384152,7641.0
23.935503840364426,7314.0
23.952215109344703,7558.0
23.968926378324976,7538.0
23.98563764730525,7545.0
24.002348916285523,7590.0
24.0190601852658,7714.0
24.035771454246074,7578.0
24.052482723226348,7635.0
24.06919399220662,7569.0
24.085905261186895,7679.0
24.102616530167168,7700.0
24.11932779914744,7881.0
24.13603906812772,7814.0
24.152750337107992,8006.0
24.169461606088266,8017.0
24.18617287506854,7865.0
24.202884144048813,8259.0
24.21959541302909,8298.0
24.236306682009364,8441.0
24.253017950989637,8846.0
24.26972921996991,8997.0
24.286440488950184,9076.0
24.303151757930458,9649.0
24.31986302691073,9934.0
24.33657429589101,10473.0
24.353285564871282,10862.0
24.369996833851555,11815.0
24.38670810283183,12652.0
24.403419371812106,13536.0
24.42013064079238,14606.0
24.436841909772653,15820.0
24.453553178752927,17330.0
24.4702644477332,18589.0
24.486975716713474,19014.0
24.503686985693747,18971.0
24.520398254674024,18286.0
24.537109523654298,16998.0
24.55382079263457,15668.0
24.570532061614845,14325.0
24.587243330595122,12817.0
24.603954599575395,11415.0
24.62066586855567,10498.0
24.637377137535942,9799.0
24.654088406516216,9088.0
24.67079967549649,9093.0
24.687510944476763,8678.0
24.70422221345704,8353.0
24.720933482437314,8251.0
24.737644751417587,8059.0
24.75435602039786,8015.0
24.771067289378138,7923.0
24.78777855835841,7742.0
24.804489827338685,7879.0
24.82120109631896,7562.0
24.837912365299232,7784.0
24.854623634279505,7404.0
24.87133490325978,7653.0
24.888046172240053,7492.0
24.90475744122033,7472.0
24.921468710200603,7500.0
24.938179979180877,7315.0
24.95489124816115,7387.0
24.971602517141427,7403.0
24.9883137861217,7392.0
25.005025055101974,7286.0
25.021736324082248,7341.0
25.03844759306252,7338.0
25.055158862042795,7489.0
25.07187013102307,7235.0
25.088581400003346,7162.0
25.10529266898362,7364.0
25.122003937963893,7205.0
25.138715206944166,7334.0
25.155426475924443,7227.0
25.172137744904717,7211.0
25.18884901388499,7331.0
25.205560282865264,7313.0
25.222271551845537,7326.0
25.23898282082581,7285.0
25.255694089806084,7391.0
25.27240535878636,7352.0
25.289116627766635,7289.0
25.30582789674691,7185.0
25.322539165727182,7232.0
25.33925043470746,7107.0
25.355961703687733,7236.0
25.372672972668006,7109.0
25.38938424164828,7223.0
25.406095510628553,7328.0
25.422806779608827,7256.0
25.4395180485891,7285.0
25.456229317569374,7388.0
25.47294058654965,7172.0
25.489651855529925,7235.0
25.506363124510198,7343.0
25.52307439349047,7250.0
25.53978566247075,7264.0
25.556496931451022,7473.0
25.573208200431296,7225.0
25.58991946941157,7364.0
25.606630738391843,7415.0
25.623342007372116,7345.0
25.64005327635239,7290.0
25.656764545332667,7313.0
25.67347581431294,7327.0
25.690187083293214,7311.0
25.706898352273488,7266.0
25.723609621253765,7284.0
25.740320890234038,7292.0
25.75703215921431,7143.0
25.773743428194585,7387.0
25.79045469717486,7486.0
25.807165966155132,7335.0
25.823877235135406,7282.0
25.840588504115683,7444.0
25.857299773095956,7386.0
25.87401104207623,7248.0
25.890722311056503,7323.0
25.90743358003678,7160.0
25.924144849017054,7306.0
25.940856117997328,7346.0
25.9575673869776,7223.0
25.974278655957875,7366.0
25.990989924938148,7376.0
26.00770119391842,7360.0
26.0244124628987,7456.0
26.041123731878972,7395.0
26.057835000859246,7388.0
26.07454626983952,7376.0
26.091257538819793,7306.0
26.10796880780007,7337.0
26.124680076780344,7198.0
26.141391345760617,7242.0
26.15810261474089,7410.0
26.174813883721164,7249.0
26.191525152701438,7267.0
26.20823642168171,7183.0
26.22494769066199,7314.0
26.241658959642262,7553.0
26.258370228622535,7311.0
26.27508149760281,7434.0
26.291792766583086,7361.0
26.30850403556336,7454.0
26.325215304543633,7431.0
26.341926573523907,7429.0
26.35863784250418,7624.0
26.375349111484454,7547.0
26.392060380464727,7491.0
26.408771649445004,7541.0
26.425482918425278,7746.0
26.44219418740555,7855.0
26.458905456385825,7856.0
26.475616725366102,8017.0
26.492327994346375,8023.0
26.50903926332665,8063.0
26.525750532306922,8267.0
26.542461801287196,8216.0
26.55917307026747,8539.0
26.575884339247743,8417.0
26.59259560822802,8636.0
26.609306877208294,8374.0
26.626018146188567,8259.0
26.64272941516884,8088.0
26.659440684149114,7936.0
26.67615195312939,7976.0
26.692863222109665,7786.0
26.70957449108994,7644.0
26.726285760070212,7584.0
26.742997029050485,7638.0
26.75970829803076,7476.0
26.776419567011033,7444.0
26.79313083599131,7503.0
26.809842104971583,7619.0
26.826553373951857,7356.0
26.84326464293213,7343.0
26.859975911912407,7517.0
26.87668718089268,7385.0
26.893398449872954,7265.0
26.910109718853228,7190.0
26.9268209878335,7233.0
26.943532256813775,7355.0
26.96024352579405,7089.0
26.976954794774326,7227.0
26.9936660637546,6977.0
27.010377332734873,7294.0
27.027088601715146,7160.0
27.043799870695423,7110.0
27.060511139675697,7089.0
27.07722240865597,7245.0
27.093933677636244,7230.0
27.110644946616517,7023.0
27.12735621559679,7276.0
27.144067484577064,7164.0
27.16077875355734,7243.0
27.177490022537615,7126.0
27.19420129151789,7160.0
27.210912560498162,7111.0
27.227623829478436,7337.0
27.244335098458713,7235.0
27.261046367438986,7095.0
27.27775763641926,6936.0
27.294468905399533,7098.0
27.311180174379807,7183.0
27.32789144336008,7112.0
27.344602712340354,7146.0
27.36131398132063,7101.0
27.378025250300905,7051.0
27.394736519281178,7211.0
27.41144778826145,7125.0
27.42815905724173,6999.0
27.444870326222002,7060.0
27.461581595202276,7060.0
27.47829286418255,6942.0
27.495004133162823,7078.0
27.511715402143096,7169.0
27.52842667112337,7060.0
27.545137940103647,7096.0
27.56184920908392,7213.0
27.578560478064194,7065.0
27.595271747044468,7153.0
27.611983016024745,7096.0
27.628694285005018,6804.0
27.64540555398529,6908.0
27.662116822965565,7120.0
27.67882809194584,6929.0
27.695539360926112,6887.0
27.712250629906386,6966.0
27.728961898886663,7142.0
27.745673167866936,7126.0
27.76238443684721,6933.0
27.779095705827483,7040.0
27.795806974807757,7154.0
27.812518243788034,7050.0
27.829229512768308,7075.0
27.84594078174858,6997.0
27.862652050728855,6987.0
27.879363319709128,7017.0
27.8960745886894,7102.0
27.912785857669675,7057.0
27.929497126649952,6892.0
27.946208395630226,7070.0
27.9629196646105,6944.0
27.979630933590773,6993.0
27.99634220257105,7099.0
28.013053471551324,6900.0
28.029764740531597,6923.0
28.04647600951187,6925.0
28.063187278492144,6946.0
28.079898547472418,6937.0
28.09660981645269,7010.0
28.113321085432965,6768.0
28.130032354413242,6972.0
28.146743623393515,6980.0
28.163454892373792,7174.0
28.180166161354066,6999.0
28.19687743033434,6954.0
28.213588699314613,6908.0
28.230299968294887,7096.0
28.24701123727516,6798.0
28.263722506255434,7029.0
28.280433775235707,7008.0
28.29714504421598,6932.0
28.313856313196258,7045.0
28.33056758217653,6814.0
28.347278851156805,6861.0
28.363990120137082,6916.0
28.380701389117355,6895.0
28.39741265809763,7089.0
28.414123927077902,6938.0
28.430835196058176,6992.0
28.44754646503845,6971.0
28.464257734018723,6948.0
28.480969002998997,7092.0
28.497680271979274,6996.0
28.514391540959547,6988.0
28.53110280993982,7040.0
28.547814078920098,6987.0
28.56452534790037,6869.0
28.581236616880645,6882.0
28.59794788586092,6916.0
28.614659154841192,7079.0
28.631370423821465,6903.0
28.64808169280174,7222.0
28.664792961782013,6994.0
28.681504230762286,6760.0
28.698215499742563,6744.0
28.714926768722837,6983.0
28.731638037703114,6910.0
28.748349306683387,7083.0
28.76506057566366,6907.0
28.781771844643934,6871.0
28.798483113624208,6821.0
28.81519438260448,6891.0
28.831905651584755,7005.0
28.84861692056503,7033.0
28.865328189545302,7135.0
28.88203945852558,6973.0
28.898750727505853,6703.0
28.915461996486126,6921.0
28.932173265466403,6947.0
28.948884534446677,6953.0
28.96559580342695,6857.0
28.982307072407224,6845.0
28.999018341387497,6900.0
29.01572961036777,6768.0
29.032440879348044,6812.0
29.049152148328318,6821.0
29.065863417308595,7043.0
29.08257468628887,6827.0
29.099285955269142,6860.0
29.11599722424942,6993.0
29.132708493229693,7003.0
29.149419762209966,6857.0
29.16613103119024,6750.0
29.182842300170513,6873.0
29.199553569150787,6930.0
29.21626483813106,6942.0
29.232976107111334,6879.0
29.249687376091607,6757.0
29.266398645071884,6907.0
29.283109914052158,6797.0
29.299821183032435,6931.0
29.31653245201271,6832.0
29.333243720992982,6863.0
29.349954989973256,6913.0
29.36666625895353,6902.0
29.383377527933803,6725.0
29.400088796914076,6783.0
29.41680006589435,6742.0
29.433511334874623,6721.0
29.4502226038549,6834.0
29.466933872835174,6831.0
29.483645141815447,6777.0
29.500356410795725,6736.0
29.517067679775998,6666.0
29.53377894875627,6877.0
29.550490217736545,6816.0
29.56720148671682,6782.0
29.583912755697092,6968.0
29.600624024677366,6807.0
29.61733529365764,6812.0
29.634046562637916,6865.0
29.65075783161819,6848.0
29.667469100598463,6602.0
29.68418036957874,6878.0
29.700891638559014,6722.0
29.717602907539288,6811.0
29.73431417651956,6787.0
29.751025445499835,6846.0
29.767736714480108,6701.0
29.78444798346038,6695.0
29.801159252440655,6734.0
29.817870521420932,6688.0
29.834581790401206,6831.0
29.85129305938148,6804.0
29.868004328361756,6889.0
29.88471559734203,6981.0
29.901426866322304,6721.0
29.918138135302577,6702.0
29.93484940428285,6883.0
29.951560673263124,6796.0
29.968271942243398,6822.0
29.98498321122367,6627.0
30.001694480203945,6919.0
30.01840574918422,6720.0
30.035117018164495,6758.0
30.05182828714477,6794.0
30.068539556125046,6753.0
30.08525082510532,6784.0
30.101962094085593,6814.0
30.118673363065867,6716.0
30.13538463204614,6949.0
30.152095901026414,6792.0
30.168807170006687,6734.0
30.18551843898696,6713.0
30.202229707967238,6768.0
30.21894097694751,6750.0
30.235652245927785,6783.0
30.252363514908062,6578.0
30.269074783888335,6776.0
30.28578605286861,6698.0
30.302497321848882,6749.0
30.319208590829156,6788.0
30.33591985980943,6810.0
30.352631128789703,6677.0
30.369342397769977,6671.0
30.386053666750254,6682.0
30.402764935730527,6819.0
30.4194762047108,6732.0
30.436187473691078,6822.0
30.45289874267135,6643.0
30.469610011651625,6737.0
30.4863212806319,6749.0
30.503032549612172,6755.0
30.519743818592445,6654.0
30.53645508757272,6715.0
30.553166356552993,6699.0
30.569877625533266,6671.0
30.586588894513543,6855.0
30.603300163493817,6756.0
30.62001143247409,6855.0
30.636722701454367,6618.0
30.65343397043464,6635.0
30.670145239414914,6637.0
30.686856508395188,6633.0
30.70356777737546,6718.0
30.720279046355735,6675.0
30.73699031533601,6650.0
30.753701584316282,6762.0
30.77041285329656,6706.0
30.787124122276833,6560.0
30.803835391257106,6650.0
30.820546660237383,6698.0
30.837257929217657,6535.0
30.85396919819793,6790.0
30.870680467178204,6695.0
30.887391736158477,6771.0
30.90410300513875,6717.0
30.920814274119024,6753.0
30.937525543099298,6653.0
30.954236812079575,6733.0
30.97094808105985,6619.0
30.987659350040122,6673.0
31.0043706190204,6709.0
31.021081888000673,6694.0
31.037793156980946,6724.0
31.05450442596122,6778.0
31.071215694941493,6728.0
31.087926963921767,6618.0
31.10463823290204,6741.0
31.121349501882314,6649.0
31.138060770862587,6860.0
31.154772039842864,6721.0
31.171483308823138,6599.0
31.188194577803415,6706.0
31.20490584678369,6606.0
31.221617115763962,6790.0
31.238328384744236,6686.0
31.25503965372451,6807.0
31.271750922704783,6649.0
31.288462191685056,6627.0
31.30517346066533,6549.0
31.321884729645603,6542.0
31.33859599862588,6556.0
31.355307267606154,6735.0
31.372018536586427,6606.0
31.388729805566705,6621.0
31.405441074546978,6729.0
31.42215234352725,6690.0
31.438863612507525,6695.0
31.4555748814878,6819.0
31.472286150468072,6714.0
31.488997419448346,6631.0
31.50570868842862,6591.0
31.522419957408896,6621.0
31.53913122638917,6708.0
31.555842495369443,6825.0
31.57255376434972,6769.0
31.589265033329994,6730.0
31.605976302310268,6661.0
31.62268757129054,6719.0
31.639398840270815,6533.0
31.656110109251088,6659.0
31.67282137823136,6602.0
31.689532647211635,6541.0
31.70624391619191,6688.0
31.722955185172186,6573.0
31.73966645415246,6667.0
31.756377723132736,6648.0
31.77308899211301,6697.0
31.789800261093283,6614.0
31.806511530073557,6656.0
31.82322279905383,6605.0
31.839934068034104,6511.0
31.856645337014378,6762.0
31.87335660599465,6603.0
31.890067874974925,6522.0
31.9067791439552,6771.0
31.923490412935475,6645.0
31.94020168191575,6569.0
31.956912950896026,6575.0
31.9736242198763,6621.0
31.990335488856573,6657.0
32.00704675783685,6578.0
32.02375802681712,6734.0
32.040469295797394,6697.0
32.05718056477767,6442.0
32.07389183375794,6640.0
32.090603102738214,6626.0
32.10731437171849,6555.0
32.12402564069876,6655.0
32.14073690967904,6488.0
32.157448178659315,6451.0
32.17415944763959,6521.0
32.19087071661986,6637.0
32.207581985600136,6607.0
32.22429325458041,6620.0
32.24100452356068,6650.0
32.25771579254096,6544.0
32.27442706152123,6399.0
32.29113833050151,6705.0
32.307849599481784,6649.0
32.32456086846206,6686.0
32.34127213744233,6545.0
32.357983406422605,6649.0
32.37469467540288,6541.0
32.39140594438315,6510.0
32.408117213363425,6555.0
32.4248284823437,6588.0
32.44153975132397,6635.0
32.458251020304246,6463.0
32.47496228928452,6605.0
32.49167355826479,6562.0
32.50838482724507,6609.0
32.52509609622535,6584.0
32.54180736520562,6674.0
32.558518634185894,6606.0
32.57522990316617,6555.0
32.59194117214644,6709.0
32.608652441126715,6630.0
32.62536371010699,6715.0
32.64207497908726,6653.0
32.65878624806754,6751.0
32.675497517047816,6495.0
32.69220878602809,6593.0
32.70892005500836,6584.0
32.72563132398864,6741.0
32.74234259296891,6554.0
32.759053861949184,6715.0
32.77576513092946,6609.0
32.79247639990973,6458.0
32.809187668890004,6552.0
32.82589893787028,6569.0
32.84261020685055,6650.0
32.859321475830825,6568.0
32.8760327448111,6515.0
32.89274401379138,6697.0
32.90945528277165,6756.0
32.926166551751926,6433.0
32.9428778207322,6591.0
32.95958908971247,6680.0
32.97630035869275,6588.0
32.99301162767302,6720.0
33.009722896653294,6633.0
33.02643416563357,6536.0
33.04314543461385,6528.0
33.05985670359412,6576.0
33.076567972574395,6510.0
33.09327924155467,6533.0
33.10999051053494,6678.0
33.126701779515216,6475.0
33.14341304849549,6437.0
33.16012431747576,6654.0
33.176835586456036,6578.0
33.19354685543631,6626.0
33.21025812441658,6760.0
33.22696939339686,6575.0
33.24368066237713,6717.0
33.260391931357404,6643.0
33.277103200337685,6669.0
33.29381446931796,6558.0
33.31052573829823,6548.0
33.327237007278505,6577.0
33.34394827625878,6531.0
33.36065954523905,6479.0
33.377370814219326,6625.0
33.3940820831996,6543.0
33.41079335217988,6527.0
33.42750462116015,6429.0
33.44421589014043,6598.0
33.4609271591207,6564.0
33.477638428100974,6594.0
33.49434969708125,6681.0
33.51106096606152,6556.0
33.527772235041795,6427.0
33.54448350402207,6480.0
33.56119477300234,6659.0
33.577906041982615,6479.0
33.59461731096289,6572.0
33.61132857994316,6499.0
33.628039848923436,6690.0
33.64475111790371,6743.0
33.66146238688399,6693.0
33.67817365586426,6700.0
33.69488492484454,6544.0
33.71159619382481,6656.0
33.728307462805084,6702.0
33.74501873178536,6579.0
33.76173000076563,6753.0
33.778441269745905,6733.0
33.795152538726185,6942.0
33.81186380770646,6706.0
33.82857507668673,6882.0
33.845286345667006,6776.0
33.86199761464728,6839.0
33.87870888362755,7001.0
33.89542015260783,6945.0
33.9121314215881,7190.0
33.92884269056837,7385.0
33.94555395954865,7267.0
33.96226522852892,7432.0
33.978976497509194,7504.0
33.99568776648947,7533.0
34.01239903546974,7688.0
34.02911030445002,7892.0
34.045821573430295,7923.0
34.06253284241057,7965.0
34.07924411139084,8055.0
34.095955380371116,7875.0
34.11266664935139,8038.0
34.12937791833166,7800.0
34.14608918731194,7804.0
34.16280045629221,7704.0
34.17951172527249,7504.0
34.196222994252764,7422.0
34.21293426323304,7173.0
34.22964553221331,6977.0
34.246356801193585,7082.0
34.26306807017386,6869.0
34.27977933915413,6860.0
34.296490608134405,6979.0
34.31320187711468,6743.0
34.32991314609495,6666.0
34.346624415075226,6572.0
34.3633356840555,6572.0
34.38004695303577,6702.0
34.39675822201605,6608.0
34.41346949099633,6693.0
34.4301807599766,6776.0
34.446892028956874,6632.0
34.46360329793715,6591.0
34.48031456691742,6578.0
34.497025835897695,6458.0
34.51373710487797,6489.0
34.53044837385824,6670.0
34.54715964283852,6547.0
34.563870911818796,6663.0
34.58058218079907,6558.0
34.59729344977934,6569.0
34.61400471875962,6755.0
34.63071598773989,6720.0
34.647427256720164,6619.0
34.66413852570044,6578.0
34.68084979468071,6558.0
34.697561063660984,6492.0
34.71427233264126,6385.0
34.73098360162153,6465.0
34.747694870601805,6630.0
34.76440613958208,6603.0
34.78111740856236,6567.0
34.79782867754263,6447.0
34.814539946522906,6626.0
34.83125121550318,6428.0
34.84796248448345,6656.0
34.86467375346373,6385.0
34.881385022444,6459.0
34.898096291424274,6514.0
34.91480756040455,6471.0
34.93151882938483,6461.0
34.9482300983651,6528.0
34.964941367345375,6557.0
34.98165263632565,6406.0
34.99836390530592,6543.0
35.015075174286196,6445.0
35.03178644326647,6443.0
35.04849771224674,6502.0
35.065208981227016,6517.0
35.08192025020729,6701.0
35.09863151918756,6429.0
35.11534278816784,6600.0
35.13205405714811,6524.0
35.148765326128384,6540.0
35.165476595108665,6496.0
35.18218786408894,6520.0
35.19889913306921,6549.0
35.215610402049485,6498.0
35.23232167102976,6528.0
35.24903294001003,6490.0
35.265744208990306,6429.0
35.28245547797058,6492.0
35.29916674695085,6685.0
35.31587801593113,6537.0
35.33258928491141,6483.0
35.34930055389168,6557.0
35.366011822871954,6479.0
35.38272309185223,6605.0
35.3994343608325,6634.0
35.416145629812775,6429.0
35.43285689879305,6589.0
35.44956816777332,6481.0
35.466279436753595,6533.0
35.48299070573387,6659.0
35.49970197471414,6530.0
35.516413243694416,6711.0
35.53312451267469,6701.0
35.54983578165497,6814.0
35.56654705063524,6725.0
35.58325831961552,6668.0
35.59996958859579,6846.0
35.616680857576064,6713.0
35.63339212655634,6951.0
35.65010339553661,6934.0
35.666814664516885,7018.0
35.683525933497165,7026.0
35.70023720247744,6822.0
35.71694847145771,6947.0
35.733659740437986,6903.0
35.75037100941826,6850.0
35.76708227839853,6788.0
35.78379354737881,6947.0
35.80050481635908,6789.0
35.81721608533935,6721.0
35.83392735431963,6804.0
35.8506386232999,6822.0
35.867349892280174,6641.0
35.88406116126045,6698.0
35.90077243024072,6634.0
35.917483699221,6625.0
35.934194968201275,6582.0
35.95090623718155,6539.0
35.96761750616182,6491.0
35.984328775142096,6552.0
36.00104004412237,6622.0
36.01775131310264,6622.0
36.034462582082924,6627.0
36.0511738510632,6476.0
36.06788512004347,6484.0
36.084596389023744,6521.0
36.10130765800402,6579.0
36.11801892698429,6615.0
36.134730195964565,6382.0
36.15144146494484,6364.0
36.16815273392511,6443.0
36.184864002905385,6370.0
36.20157527188566,6558.0
36.21828654086593,6297.0
36.234997809846206,6553.0
36.25170907882648,6572.0
36.26842034780675,6432.0
36.28513161678703,6530.0
36.3018428857673,6557.0
36.31855415474758,6327.0
36.335265423727854,6343.0
36.35197669270813,6454.0
36.3686879616884,6580.0
36.385399230668675,6595.0
36.40211049964895,6568.0
36.41882176862923,6449.0
36.4355330376095,6579.0
36.452244306589776,6471.0
36.46895557557005,6248.0
36.48566684455032,6509.0
36.5023781135306,6349.0
36.51908938251087,6410.0
36.535800651491144,6337.0
36.55251192047142,6442.0
36.56922318945169,6655.0
36.585934458431964,6575.0
36.60264572741224,6239.0
36.61935699639251,6477.0
36.636068265372785,6442.0
36.65277953435306,6418.0
36.66949080333333,6552.0
36.686202072313606,6338.0
36.702913341293886,6363.0
36.71962461027416,6380.0
36.73633587925443,6389.0
36.75304714823471,6488.0
36.76975841721498,6291.0
36.786469686195254,6339.0
36.803180955175534,6530.0
36.81989222415581,6528.0
36.83660349313608,6309.0
36.853314762116355,6429.0
36.87002603109663,6316.0
36.8867373000769,6444.0
36.903448569057176,6404.0
36.92015983803745,6411.0
36.93687110701772,6631.0
36.953582375997996,6463.0
36.97029364497827,6360.0
36.98700491395854,6222.0
37.00371618293882,6441.0
37.02042745191909,6417.0
37.037138720899364,6365.0
37.05384998987964,6491.0
37.07056125885991,6359.0
37.08727252784019,6481.0
37.103983796820465,6381.0
37.12069506580074,6468.0
37.13740633478101,6336.0
37.154117603761286,6524.0
37.170828872741566,6486.0
37.18754014172184,6480.0
37.20425141070211,6430.0
37.22096267968239,6477.0
37.23767394866266,6476.0
37.254385217642934,6378.0
37.27109648662321,6607.0
37.28780775560348,6308.0
37.304519024583755,6316.0
37.32123029356403,6546.0
37.3379415625443,6392.0
37.354652831524575,6443.0
37.37136410050485,6328.0
37.38807536948512,6407.0
37.404786638465396,6441.0
37.42149790744567,6523.0
37.43820917642594,6408.0
37.45492044540622,6448.0
37.4716317143865,6462.0
37.48834298336677,6251.0
37.505054252347044,6338.0
37.52176552132732,6443.0
37.53847679030759,6367.0
37.55518805928787,6311.0
37.571899328268145,6279.0
37.58861059724842,6361.0
37.60532186622869,6494.0
37.622033135208966,6391.0
37.63874440418924,6492.0
37.65545567316951,6271.0
37.67216694214979,6373.0
37.68887821113006,6387.0
37.70558948011033,6260.0
37.72230074909061,6401.0
37.73901201807088,6375.0
37.755723287051154,6325.0
37.77243455603143,6466.0
37.7891458250117,6388.0
37.805857093991975,6570.0
37.82256836297225,6266.0
37.83927963195253,6290.0
37.8559909009328,6458.0
37.872702169913076,6505.0
37.88941343889335,6426.0
37.90612470787362,6531.0
37.9228359768539,6448.0
37.93954724583418,6384.0
37.95625851481445,6337.0
37.972969783794724,6272.0
37.989681052775,6423.0
38.00639232175527,6420.0
38.023103590735545,6386.0
38.03981485971582,6584.0
38.05652612869609,6391.0
38.073237397676365,6340.0
38.08994866665664,6352.0
38.10665993563691,6429.0
38.123371204617186,6398.0
38.14008247359746,6371.0
38.15679374257773,6531.0
38.17350501155801,6343.0
38.19021628053828,6398.0
38.206927549518554,6375.0
38.223638818498834,6410.0
38.24035008747911,6385.0
38.25706135645938,6451.0
38.273772625439655,6284.0
38.29048389441993,6453.0
38.30719516340021,6517.0
38.32390643238048,6271.0
38.340617701360756,6351.0
38.35732897034103,6476.0
38.3740402393213,6433.0
38.39075150830158,6293.0
38.40746277728185,6489.0
38.424174046262124,6614.0
38.4408853152424,6451.0
38.45759658422267,6348.0
38.474307853202944,6384.0
38.49101912218322,6287.0
38.50773039116349,6423.0
38.524441660143765,6216.0
38.54115292912404,6515.0
38.55786419810431,6315.0
38.574575467084586,6311.0
38.591286736064866,6369.0
38.60799800504514,6301.0
38.62470927402541,6279.0
38.64142054300569,6174.0
38.65813181198596,6458.0
38.674843080966234,6339.0
38.691554349946514,6449.0
38.70826561892679,6395.0
38.72497688790706,6489.0
38.741688156887335,6319.0
38.75839942586761,6355.0
38.77511069484788,6406.0
38.791821963828156,6378.0
38.80853323280843,6395.0
38.8252445017887,6345.0
38.841955770768976,6337.0
38.85866703974925,6433.0
38.87537830872952,6520.0
38.8920895777098,6544.0
38.90880084669007,6438.0
38.925512115670344,6325.0
38.94222338465062,6383.0
38.95893465363089,6444.0
38.97564592261117,6338.0
38.992357191591445,6398.0
39.00906846057172,6439.0
39.02577972955199,6366.0
39.042490998532266,6435.0
39.059202267512546,6320.0
39.07591353649282,6452.0
39.09262480547309,6250.0
39.10933607445337,6427.0
39.12604734343364,6279.0
39.142758612413914,6437.0
39.15946988139419,6348.0
39.17618115037446,6418.0
39.192892419354735,6457.0
39.20960368833501,6429.0
39.22631495731528,6372.0
39.243026226295555,6325.0
39.25973749527583,6337.0
39.2764487642561,6248.0
39.293160033236376,6320.0
39.30987130221665,6345.0
39.32658257119692,6285.0
39.3432938401772,6294.0
39.36000510915748,6429.0
39.37671637813775,6352.0
39.393427647118024,6378.0
39.4101389160983,6398.0
39.42685018507857,6514.0
39.44356145405885,6522.0
39.460272723039125,6288.0
39.4769839920194,6208.0
39.49369526099967,6375.0
39.510406529979946,6380.0
39.52711779896022,6152.0
39.54382906794049,6355.0
39.560540336920766,6289.0
39.57725160590104,6406.0
39.59396287488131,6361.0
39.61067414386159,6390.0
39.62738541284186,6273.0
39.644096681822134,6374.0
39.66080795080241,6337.0
39.67751921978268,6437.0
39.694230488762955,6233.0
39.71094175774323,6389.0
39.72765302672351,6255.0
39.74436429570378,6242.0
39.761075564684056,6585.0
39.77778683366433,6429.0
39.7944981026446,6280.0
39.81120937162488,6179.0
39.82792064060516,6402.0
39.84463190958543,6352.0
39.861343178565704,6317.0
39.87805444754598,6177.0
39.89476571652625,6271.0
39.911476985506525,6382.0
39.9281882544868,6466.0
39.94489952346707,6454.0
39.961610792447345,6274.0
39.97832206142762,6546.0
39.99503333040789,6359.0
40.011744599388166,6344.0
40.02845586836844,6444.0
40.04516713734871,6289.0
40.06187840632899,6311.0
40.07858967530926,6312.0
40.095300944289534,6372.0
40.112012213269814,6341.0
40.12872348225009,6431.0
40.14543475123036,6345.0
40.162146020210635,6387.0
40.17885728919091,6345.0
40.19556855817119,6611.0
40.21227982715146,6301.0
40.228991096131736,6239.0
40.24570236511201,6321.0
40.26241363409228,6331.0
40.27912490307256,6401.0
40.29583617205283,6384.0
40.312547441033104,6344.0
40.32925871001338,6265.0
40.34596997899365,6318.0
40.362681247973924,6217.0
40.3793925169542,6414.0
40.39610378593447,6322.0
40.412815054914745,6388.0
40.42952632389502,6437.0
40.44623759287529,6396.0
40.462948861855565,6421.0
40.479660130835846,6480.0
40.49637139981612,6371.0
40.51308266879639,6320.0
40.52979393777667,6170.0
40.54650520675694,6241.0
40.563216475737214,6343.0
40.579927744717494,6457.0
40.59663901369777,6306.0
40.61335028267804,6235.0
40.630061551658315,6570.0
40.64677282063859,6422.0
40.66348408961886,6372.0
40.680195358599136,6154.0
40.69690662757941,6407.0
40.71361789655968,6326.0
40.730329165539956,6348.0
40.74704043452023,6441.0
40.7637517035005,6380.0
40.78046297248078,6389.0
40.79717424146105,6324.0
40.813885510441324,6401.0
40.8305967794216,6563.0
40.84730804840187,6600.0
40.86401931738215,6497.0
40.880730586362425,6532.0
40.8974418553427,6386.0
40.91415312432297,6388.0
40.930864393303246,6490.0
40.94757566228352,6449.0
40.9642869312638,6536.0
40.98099820024407,6490.0
40.99770946922435,6422.0
41.01442073820462,6541.0
41.031132007184894,6530.0
41.04784327616517,6598.0
41.06455454514544,6720.0
41.081265814125715,6570.0
41.09797708310599,6592.0
41.11468835208626,6732.0
41.131399621066535,6750.0
41.14811089004681,6765.0
41.16482215902708,6823.0
41.181533428007356,6941.0
41.19824469698763,6933.0
41.2149559659679,7047.0
41.231667234948176,7175.0
41.24837850392846,7517.0
41.26508977290873,7403.0
41.281801041889004,7573.0
41.29851231086928,7703.0
41.31522357984955,7556.0
41.33193484882983,7668.0
41.348646117810105,7647.0
41.36535738679038,7621.0
41.38206865577065,7632.0
41.398779924750926,7550.0
41.4154911937312,7365.0
41.43220246271147,7335.0
41.448913731691746,7334.0
41.46562500067202,7153.0
41.48233626965229,7123.0
41.49904753863257,7134.0
41.51575880761284,6874.0
41.532470076593114,7143.0
41.54918134557339,6635.0
41.56589261455366,6706.0
41.582603883533935,6602.0
41.59931515251421,6578.0
41.61602642149449,6442.0
41.63273769047476,6555.0
41.649448959455036,6486.0
41.66616022843531,6357.0
41.68287149741558,6380.0
41.69958276639586,6572.0
41.71629403537614,6508.0
41.73300530435641,6257.0
41.749716573336684,6323.0
41.76642784231696,6325.0
41.78313911129723,6584.0
41.799850380277505,6514.0
41.81656164925778,6387.0
41.83327291823805,6462.0
41.849984187218325,6312.0
41.8666954561986,6325.0
41.88340672517887,6408.0
41.900117994159146,6351.0
41.91682926313942,6419.0
41.93354053211969,6370.0
41.95025180109997,6320.0
41.96696307008024,6455.0
41.983674339060514,6390.0
42.000385608040794,6343.0
42.01709687702107,6241.0
42.03380814600134,6224.0
42.050519414981615,6390.0
42.06723068396189,6176.0
42.08394195294216,6404.0
42.10065322192244,6321.0
42.117364490902716,6383.0
42.13407575988299,6342.0
42.15078702886326,6311.0
42.16749829784354,6358.0
42.18420956682381,6352.0
42.200920835804084,6224.0
42.21763210478436,6309.0
42.23434337376463,6256.0
42.251054642744904,6315.0
42.26776591172518,6275.0
42.28447718070545,6273.0
42.301188449685725,6529.0
42.317899718666,6359.0
42.33461098764627,6202.0
42.351322256626545,6275.0
42.368033525606826,6368.0
42.3847447945871,6340.0
42.40145606356737,6354.0
42.41816733254765,6394.0
42.43487860152792,6205.0
42.451589870508194,6261.0
42.468301139488474,6216.0
42.48501240846875,6318.0
42.50172367744902,6349.0
42.518434946429295,6341.0
42.53514621540957,6313.0
42.55185748438984,6322.0
42.568568753370116,6389.0
42.58528002235039,6198.0
42.60199129133066,6321.0
42.618702560310936,6118.0
42.63541382929121,6210.0
42.65212509827148,6309.0
42.66883636725176,6334.0
42.68554763623203,6540.0
42.702258905212304,6374.0
42.71897017419258,6368.0
42.73568144317285,6277.0
42.75239271215313,6298.0
42.769103981133405,6135.0
42.78581525011368,6282.0
42.80252651909395,6423.0
42.819237788074226,6145.0
42.8359490570545,6430.0
42.85266032603478,6249.0
42.86937159501505,6226.0
42.88608286399533,6357.0
42.9027941329756,6277.0
42.919505401955874,6286.0
42.93621667093615,6306.0
42.95292793991642,6342.0
42.969639208896695,6303.0
42.98635047787697,6281.0
43.00306174685724,6137.0
43.019773015837515,6286.0
43.03648428481779,6389.0
43.05319555379806,6106.0
43.069906822778336,6423.0
43.08661809175861,6341.0
43.10332936073888,6198.0
43.120040629719156,6378.0
43.13675189869944,6408.0
43.15346316767971,6309.0
43.170174436659984,6309.0
43.18688570564026,6328.0
43.20359697462053,6342.0
43.22030824360081,6329.0
43.237019512581085,6354.0
43.25373078156136,6404.0
43.27044205054163,6442.0
43.287153319521906,6300.0
43.30386458850218,6406.0
43.32057585748245,6369.0
43.337287126462726,6343.0
43.353998395443,6253.0
43.37070966442327,6229.0
43.38742093340355,6347.0
43.40413220238382,6386.0
43.420843471364094,6509.0
43.43755474034437,6350.0
43.45426600932464,6375.0
43.470977278304915,6303.0
43.48768854728519,6490.0
43.50439981626547,6455.0
43.52111108524574,6290.0
43.537822354226016,6482.0
43.55453362320629,6506.0
43.57124489218656,6434.0
43.58795616116684,6360.0
43.60466743014712,6507.0
43.62137869912739,6392.0
43.638089968107664,6484.0
43.65480123708794,6486.0
43.67151250606821,6448.0
43.688223775048485,6576.0
43.70493504402876,6564.0
43.72164631300903,6489.0
43.738357581989305,6540.0
43.75506885096958,6397.0
43.77178011994985,6511.0
43.788491388930126,6427.0
43.8052026579104,6422.0
43.82191392689067,6560.0
43.83862519587095,6517.0
43.85533646485122,6606.0
43.872047733831494,6438.0
43.888759002811774,6367.0
43.90547027179205,6392.0
43.92218154077232,6319.0
43.938892809752595,6451.0
43.95560407873287,6397.0
43.97231534771314,6250.0
43.98902661669342,6259.0
44.005737885673696,6354.0
44.02244915465397,6366.0
44.03916042363424,6237.0
44.05587169261452,6235.0
44.07258296159479,6392.0
44.089294230575064,6382.0
44.10600549955534,6447.0
44.12271676853561,6301.0
44.139428037515884,6375.0
44.15613930649616,6459.0
44.17285057547643,6407.0
44.189561844456705,6433.0
44.20627311343698,6217.0
44.22298438241725,6383.0
44.239695651397525,6134.0
44.2564069203778,6319.0
44.27311818935808,6101.0
44.28982945833835,6248.0
44.30654072731863,6347.0
44.3232519962989,6229.0
44.339963265279174,6360.0
44.356674534259454,6307.0
44.37338580323973,6368.0
44.39009707222,6427.0
44.406808341200275,6374.0
44.42351961018055,6302.0
44.44023087916082,6270.0
44.456942148141096,6380.0
44.47365341712137,6257.0
44.49036468610164,6361.0
44.507075955081916,6430.0
44.52378722406219,6298.0
44.54049849304246,6364.0
44.55720976202274,6320.0
44.57392103100301,6132.0
44.590632299983284,6318.0
44.60734356896356,6212.0
44.62405483794383,6348.0
44.64076610692411,6141.0
44.657477375904385,6397.0
44.67418864488466,6412.0
44.69089991386493,6235.0
44.707611182845206,6225.0
44.72432245182548,6382.0
44.74103372080576,6323.0
44.75774498978603,6395.0
44.77445625876631,6257.0
44.79116752774658,6278.0
44.807878796726854,6462.0
44.82459006570713,6203.0
44.8413013346874,6435.0
44.858012603667675,6234.0
44.87472387264795,6408.0
44.89143514162822,6386.0
44.908146410608495,6219.0
44.92485767958877,6359.0
44.94156894856904,6313.0
44.958280217549316,6181.0
44.97499148652959,6234.0
44.99170275550986,6338.0
45.008414024490136,6217.0
45.02512529347042,6309.0
45.04183656245069,6334.0
45.058547831430964,6337.0
45.07525910041124,6241.0
45.09197036939151,6295.0
45.108681638371785,6263.0
45.125392907352065,6286.0
45.14210417633234,6177.0
45.15881544531261,6214.0
45.175526714292886,6423.0
45.19223798327316,6265.0
45.20894925225343,6296.0
45.225660521233706,6244.0
45.24237179021398,6301.0
45.25908305919425,6243.0
45.27579432817453,6169.0
45.2925055971548,6246.0
45.309216866135074,6255.0
45.32592813511535,6118.0
45.34263940409562,6231.0
45.359350673075895,6302.0
45.37606194205617,6131.0
45.39277321103644,6281.0
45.40948448001672,6249.0
45.426195748996996,6279.0
45.44290701797727,6229.0
45.45961828695754,6185.0
45.47632955593782,6197.0
45.4930408249181,6210.0
45.50975209389837,6332.0
45.526463362878644,6138.0
45.54317463185892,6208.0
45.55988590083919,6449.0
45.576597169819465,6231.0
45.59330843879974,6166.0
45.61001970778001,6205.0
45.626730976760285,6232.0
45.64344224574056,6145.0
45.66015351472083,6260.0
45.676864783701106,6471.0
45.69357605268138,6258.0
45.71028732166165,6155.0
45.72699859064193,6244.0
45.7437098596222,6175.0
45.760421128602474,6170.0
45.777132397582754,6297.0
45.79384366656303,6244.0
45.8105549355433,6288.0
45.827266204523575,6279.0
45.84397747350385,6171.0
45.86068874248412,6364.0
45.8774000114644,6200.0
45.894111280444676,6493.0
45.91082254942495,6334.0
45.92753381840522,6195.0
45.9442450873855,6155.0
45.96095635636577,6366.0
45.977667625346044,6240.0
45.99437889432632,6292.0
46.01109016330659,6195.0
46.027801432286864,6438.0
46.04451270126714,6260.0
46.06122397024741,6131.0
46.077935239227685,6040.0
46.09464650820796,6143.0
46.11135777718823,6184.0
46.128069046168505,6164.0
46.14478031514878,6217.0
46.16149158412906,6188.0
46.17820285310933,6293.0
46.19491412208961,6203.0
46.21162539106988,6181.0
46.228336660050154,6152.0
46.245047929030434,6200.0
46.26175919801071,6292.0
46.27847046699098,6203.0
46.295181735971255,6249.0
46.31189300495153,6107.0
46.3286042739318,6315.0
46.345315542912076,6199.0
46.36202681189235,6205.0
46.37873808087262,6349.0
46.395449349852896,6240.0
46.41216061883317,6260.0
46.42887188781344,6328.0
46.44558315679372,6249.0
46.46229442577399,6112.0
46.479005694754264,6222.0
46.49571696373454,6151.0
46.51242823271481,6302.0
46.52913950169509,6260.0
46.545850770675365,6258.0
46.56256203965564,6251.0
46.57927330863591,5940.0
46.595984577616186,6188.0
46.61269584659646,6363.0
46.62940711557674,6161.0
46.64611838455701,6293.0
46.66282965353729,6392.0
46.67954092251756,6166.0
46.696252191497834,6164.0
46.71296346047811,6119.0
46.72967472945838,6172.0
46.746385998438654,6329.0
46.76309726741893,6292.0
46.7798085363992,6271.0
46.796519805379475,6195.0
46.81323107435975,6208.0
46.82994234334002,6232.0
46.846653612320296,6181.0
46.86336488130057,6124.0
46.88007615028084,6228.0
46.896787419261116,6321.0
46.9134986882414,6169.0
46.93020995722167,6217.0
46.946921226201944,6185.0
46.96363249518222,6246.0
46.98034376416249,6166.0
46.997055033142765,6228.0
47.013766302123045,6256.0
47.03047757110332,6342.0
47.04718884008359,6294.0
47.063900109063866,6163.0
47.08061137804414,6121.0
47.09732264702441,5987.0
47.114033916004686,6212.0
47.13074518498496,6139.0
47.14745645396523,6060.0
47.16416772294551,6255.0
47.18087899192578,6169.0
47.197590260906054,6187.0
47.21430152988633,6373.0
47.2310127988666,6232.0
47.247724067846875,6253.0
47.26443533682715,6286.0
47.28114660580742,6290.0
47.2978578747877,6057.0
47.314569143767976,6199.0
47.33128041274825,6119.0
47.34799168172852,6201.0
47.364702950708796,6201.0
47.38141421968908,6270.0
47.39812548866935,6164.0
47.414836757649624,6115.0
47.4315480266299,6365.0
47.44825929561017,6125.0
47.464970564590445,6178.0
47.48168183357072,6069.0
47.49839310255099,6161.0
47.515104371531265,6243.0
47.53181564051154,6177.0
47.54852690949181,6248.0
47.565238178472086,6361.0
47.58194944745236,6149.0
47.59866071643263,6265.0
47.61537198541291,6227.0
47.63208325439318,6187.0
47.648794523373454,6122.0
47.665505792353734,6140.0
47.68221706133401,6130.0
47.69892833031428,6324.0
47.715639599294555,6124.0
47.73235086827483,6351.0
47.7490621372551,6103.0
47.76577340623538,6250.0
47.782484675215656,6198.0
47.79919594419593,6321.0
47.8159072131762,6270.0
47.83261848215648,6205.0
47.84932975113675,6306.0
47.866041020117024,6347.0
47.8827522890973,6037.0
47.89946355807757,6041.0
47.916174827057844,6274.0
47.93288609603812,6054.0
47.94959736501839,6158.0
47.966308633998665,6371.0
47.98301990297894,6366.0
47.99973117195921,6195.0
48.016442440939485,6185.0
48.03315370991976,6206.0
48.04986497890004,6164.0
48.06657624788031,6268.0
48.08328751686059,6313.0
48.09999878584086,6238.0
48.116710054821134,6399.0
48.13342132380141,6084.0
48.15013259278169,6069.0
48.16684386176196,6257.0
48.183555130742235,6218.0
48.20026639972251,6286.0
48.21697766870278,6258.0
48.233688937683056,6120.0
48.25040020666333,6191.0
48.2671114756436,6169.0
48.283822744623876,6254.0
48.30053401360415,6298.0
48.31724528258442,6096.0
48.3339565515647,6224.0
48.35066782054497,6182.0
48.367379089525244,6243.0
48.38409035850552,6317.0
48.40080162748579,6181.0
48.417512896466064,6158.0
48.434224165446345,5958.0
48.45093543442662,6261.0
48.46764670340689,6135.0
48.484357972387166,6130.0
48.50106924136744,6194.0
48.51778051034772,6181.0
48.53449177932799,6238.0
48.55120304830827,6188.0
48.56791431728854,6271.0
48.584625586268814,6205.0
48.60133685524909,6087.0
48.61804812422936,6164.0
48.634759393209634,6124.0
48.65147066218991,6382.0
48.66818193117018,6172.0
48.684893200150455,6289.0
48.70160446913073,6216.0
48.718315738111,6265.0
48.735027007091276,6276.0
48.75173827607155,6185.0
48.76844954505182,6385.0
48.785160814032096,6363.0
48.80187208301238,6286.0
48.81858335199265,6162.0
48.835294620972924,6128.0
48.8520058899532,6188.0
48.86871715893347,6184.0
48.885428427913745,6195.0
48.902139696894025,6085.0
48.9188509658743,6092.0
48.93556223485457,6159.0
48.952273503834846,6316.0
48.96898477281512,6239.0
48.98569604179539,6219.0
49.002407310775666,6144.0
49.01911857975594,6257.0
49.03582984873621,6282.0
49.05254111771649,6329.0
49.06925238669676,6011.0
49.085963655677034,6270.0
49.10267492465731,6158.0
49.11938619363758,6313.0
49.136097462617855,6199.0
49.15280873159813,6086.0
49.1695200005784,6122.0
49.18623126955868,6298.0
49.202942538538956,6113.0
49.21965380751923,6045.0
49.2363650764995,6208.0
49.253076345479776,6376.0
49.26978761446006,6222.0
49.28649888344033,6129.0
49.303210152420604,6127.0
49.31992142140088,6277.0
49.33663269038115,6186.0
49.353343959361425,6181.0
49.3700552283417,6144.0
49.38676649732197,6198.0
49.403477766302245,6146.0
49.42018903528252,6254.0
49.43690030426279,6117.0
49.453611573243066,6176.0
49.47032284222334,6187.0
49.48703411120361,6241.0
49.50374538018389,6139.0
49.52045664916416,6232.0
49.53716791814443,6290.0
49.553879187124714,6198.0
49.57059045610499,6365.0
49.58730172508526,6313.0
49.604012994065535,6239.0
49.62072426304581,6254.0
49.63743553202608,6211.0
49.65414680100636,6292.0
49.670858069986636,6214.0
49.68756933896691,6439.0
49.70428060794718,6309.0
49.72099187692746,6156.0
49.73770314590773,6263.0
49.754414414888004,6347.0
49.77112568386828,6369.0
49.78783695284855,6264.0
49.804548221828824,6271.0
49.8212594908091,6313.0
49.83797075978937,6358.0
49.854682028769645,6458.0
49.87139329774992,6264.0
49.88810456673019,6315.0
49.904815835710465,6610.0
49.92152710469074,6476.0
49.93823837367102,6674.0
49.95494964265129,6590.0
49.97166091163157,6769.0
49.98837218061184,6590.0
50.005083449592114,6883.0
50.02179471857239,6926.0
50.03850598755267,6929.0
50.05521725653294,7184.0
50.071928525513215,7267.0
50.08863979449349,7530.0
50.10535106347376,7536.0
50.122062332454036,7411.0
50.13877360143431,7704.0
50.15548487041458,7678.0
50.172196139394856,7652.0
50.18890740837513,7806.0
50.2056186773554,7585.0
50.22232994633568,7558.0
50.23904121531595,7232.0
50.255752484296224,7229.0
50.2724637532765,7165.0
50.28917502225677,7190.0
50.305886291237044,6957.0
50.322597560217325,7007.0
50.3393088291976,6706.0
50.35602009817787,6793.0
50.372731367158146,6574.0
50.38944263613842,6665.0
50.4061539051187,6490.0
50.42286517409897,6388.0
50.43957644307925,6474.0
50.45628771205952,6321.0
50.472998981039794,6328.0
50.48971025002007,6324.0
50.50642151900034,6275.0
50.523132787980614,6287.0
50.53984405696089,6232.0
50.55655532594116,6301.0
50.573266594921435,6328.0
50.58997786390171,6257.0
50.60668913288198,6200.0
50.623400401862256,6273.0
50.64011167084253,6198.0
50.6568229398228,6229.0
50.673534208803076,6279.0
50.69024547778336,6245.0
50.70695674676363,6193.0
50.723668015743904,6302.0
50.74037928472418,6202.0
50.75709055370445,6365.0
50.773801822684725,6217.0
50.790513091665005,6327.0
50.80722436064528,6070.0
50.82393562962555,6167.0
50.840646898605826,6193.0
50.8573581675861,6154.0
50.87406943656637,6455.0
50.890780705546646,6396.0
50.90749197452692,6190.0
50.92420324350719,6278.0
50.94091451248747,6251.0
50.95762578146774,6129.0
50.974337050448014,6066.0
50.99104831942829,6304.0
51.00775958840856,6278.0
51.024470857388835,6285.0
51.04118212636911,6140.0
51.05789339534938,6184.0
51.07460466432966,6084.0
51.091315933309936,6319.0
51.10802720229021,6359.0
51.12473847127048,6026.0
51.141449740250756,6136.0
51.15816100923103,6270.0
51.17487227821131,6150.0
51.191583547191584,6153.0
51.20829481617186,6065.0
51.22500608515213,6143.0
51.241717354132405,6224.0
51.25842862311268,6109.0
51.27513989209295,6213.0
51.291851161073225,6196.0
51.3085624300535,6149.0
51.32527369903377,6136.0
51.341984968014046,6172.0
51.35869623699432,6112.0
51.37540750597459,6080.0
51.39211877495487,6217.0
51.40883004393514,6226.0
51.42554131291541,6098.0
51.44225258189569,6159.0
51.45896385087597,6324.0
51.47567511985624,6127.0
51.492386388836515,6237.0
51.50909765781679,6185.0
51.52580892679706,6099.0
51.54252019577734,6206.0
51.559231464757616,6193.0
51.57594273373789,6091.0
51.59265400271816,6057.0
51.60936527169844,6123.0
51.62607654067871,6116.0
51.642787809658984,6137.0
51.65949907863926,6092.0
51.67621034761953,6153.0
51.692921616599804,6137.0
51.70963288558008,6167.0
51.72634415456035,6261.0
51.743055423540625,6073.0
51.7597666925209,6181.0
51.77647796150117,6154.0
51.793189230481445,6212.0
51.80990049946172,6274.0
51.826611768442,6178.0
51.84332303742227,6243.0
51.86003430640255,6068.0
51.87674557538282,6223.0
51.893456844363094,6149.0
51.91016811334337,6134.0
51.92687938232365,6169.0
51.94359065130392,6043.0
51.960301920284195,6034.0
51.97701318926447,6100.0
51.99372445824474,6227.0
52.010435727225016,6280.0
52.02714699620529,6322.0
52.04385826518556,6081.0
52.060569534165836,6237.0
52.07728080314611,6184.0
52.09399207212638,6121.0
52.11070334110666,6378.0
52.12741461008693,6280.0
52.144125879067204,6291.0
52.16083714804748,6285.0
52.17754841702775,6219.0
52.194259686008024,6152.0
52.2109709549883,6239.0
52.22768222396857,6262.0
52.244393492948845,6350.0
52.26110476192913,6205.0
52.277816030909406,6141.0
52.29452729988968,6082.0
52.31123856886995,6186.0
52.32794983785023,6259.0
52.3446611068305,6210.0
52.361372375810774,6202.0
52.37808364479105,6276.0
52.39479491377132,6140.0
52.411506182751594,6218.0
52.42821745173187,6165.0
52.44492872071214,6166.0
52.461639989692415,6102.0
52.47835125867269,6213.0
52.49506252765296,6086.0
52.511773796633236,6051.0
52.52848506561351,6193.0
52.54519633459378,6161.0
52.561907603574056,6043.0
52.57861887255433,5972.0
52.5953301415346,6058.0
52.61204141051488,6124.0
52.628752679495165,6229.0
52.64546394847544,6052.0
52.66217521745571,6166.0
52.678886486435985,6054.0
52.69559775541626,6130.0
52.71230902439653,6260.0
52.729020293376806,6003.0
52.74573156235708,6057.0
52.76244283133735,6061.0
52.779154100317626,6263.0
52.7958653692979,6275.0
52.81257663827817,6205.0
52.82928790725845,6190.0
52.84599917623872,6258.0
52.862710445218994,6257.0
52.87942171419927,6185.0
52.89613298317954,6291.0
52.912844252159815,6339.0
52.92955552114009,6129.0
52.94626679012036,6223.0
52.962978059100635,6218.0
52.97968932808091,6186.0
52.99640059706118,6107.0
53.01311186604147,6153.0
53.02982313502174,6197.0
53.04653440400202,6240.0
53.06324567298229,6210.0
53.079956941962564,6228.0
53.09666821094284,6229.0
53.11337947992311,6093.0
53.130090748903385,6218.0
53.14680201788366,6188.0
53.16351328686393,6161.0
53.180224555844205,6083.0
53.19693582482448,6149.0
53.21364709380475,6093.0
53.230358362785026,6107.0
53.2470696317653,6258.0
53.26378090074557,5958.0
53.28049216972585,6165.0
53.29720343870612,6065.0
53.31391470768639,6258.0
53.33062597666667,6088.0
53.34733724564694,6202.0
53.364048514627214,6161.0
53.38075978360749,6227.0
53.397471052587775,6287.0
53.41418232156805,6104.0
53.43089359054832,6166.0
53.447604859528596,6127.0
53.46431612850887,6118.0
53.48102739748914,6181.0
53.49773866646942,6386.0
53.51444993544969,6159.0
53.531161204429964,6155.0
53.54787247341024,6303.0
53.56458374239051,6187.0
53.581295011370784,6084.0
53.59800628035106,6106.0
53.61471754933133,6303.0
53.631428818311605,6170.0
53.64814008729188,6070.0
53.66485135627215,6247.0
53.681562625252425,6275.0
53.6982738942327,6192.0
53.71498516321297,6344.0
53.731696432193246,6357.0
53.74840770117352,6124.0
53.76511897015381,6148.0
53.78183023913408,6217.0
53.798541508114354,6124.0
53.81525277709463,6094.0
53.8319640460749,6087.0
53.848675315055175,6116.0
53.86538658403545,6144.0
53.88209785301572,6053.0
53.898809121995995,6154.0
53.91552039097627,6262.0
53.93223165995654,6096.0
53.948942928936816,6153.0
53.96565419791709,6122.0
53.98236546689736,6289.0
53.99907673587764,6096.0
54.01578800485791,6262.0
54.032499273838184,6101.0
54.04921054281846,6012.0
54.06592181179873,6249.0
54.082633080779004,6096.0
54.09934434975928,6185.0
54.11605561873955,6086.0
54.132766887719825,6182.0
54.14947815670011,6215.0
54.166189425680386,6227.0
54.18290069466066,6026.0
54.19961196364093,6310.0
54.21632323262121,6017.0
54.23303450160148,6384.0
54.249745770581754,6171.0
54.26645703956203,6146.0
54.2831683085423,6262.0
54.299879577522574,6213.0
54.31659084650285,6221.0
54.33330211548312,6176.0
54.350013384463395,6292.0
54.36672465344367,6073.0
54.38343592242394,6215.0
54.400147191404216,6227.0
54.41685846038449,6132.0
54.43356972936476,6284.0
54.450280998345036,6253.0
54.46699226732531,6309.0
54.48370353630558,6202.0
54.50041480528586,6172.0
54.517126074266145,6141.0
54.53383734324642,6147.0
54.55054861222669,6268.0
54.567259881206965,6206.0
54.58397115018724,6137.0
54.60068241916751,6207.0
54.617393688147786,6118.0
54.63410495712806,6290.0
54.65081622610833,6179.0
54.667527495088606,6219.0
54.68423876406888,6284.0
54.70095003304915,6270.0
54.71766130202943,6194.0
54.7343725710097,6292.0
54.751083839989974,6238.0
54.76779510897025,6378.0
54.78450637795052,6212.0
54.801217646930795,6286.0
54.81792891591107,6288.0
54.83464018489134,6265.0
54.851351453871615,6341.0
54.86806272285189,6178.0
54.88477399183216,6306.0
54.90148526081245,6233.0
54.91819652979272,6176.0
54.934907798773,6348.0
54.95161906775327,6184.0
54.968330336733544,6445.0
54.98504160571382,6327.0
55.00175287469409,6149.0
55.018464143674365,6224.0
55.03517541265464,6270.0
55.05188668163491,6455.0
55.068597950615185,6331.0
55.08530921959546,6309.0
55.10202048857573,6511.0
55.118731757556006,6504.0
55.13544302653628,6555.0
55.15215429551655,6483.0
55.168865564496826,6476.0
55.1855768334771,6692.0
55.20228810245737,6626.0
55.21899937143765,6733.0
55.23571064041792,6820.0
55.252421909398194,6793.0
55.26913317837847,6997.0
55.285844447358755,6933.0
55.30255571633903,7161.0
55.3192669853193,7154.0
55.335978254299576,7396.0
55.35268952327985,7377.0
55.36940079226012,7480.0
55.3861120612404,7523.0
55.40282333022067,7848.0
55.419534599200944,7695.0
55.43624586818122,7860.0
55.45295713716149,7783.0
55.469668406141764,7743.0
55.48637967512204,7511.0
55.50309094410231,7518.0
55.519802213082585,7545.0
55.53651348206286,7349.0
55.55322475104313,7233.0
55.569936020023405,7343.0
55.58664728900368,7285.0
55.60335855798395,7112.0
55.620069826964226,7088.0
55.6367810959445,6874.0
55.65349236492479,6841.0
55.67020363390506,6545.0
55.686914902885334,6669.0
55.70362617186561,6759.0
55.72033744084588,6496.0
55.737048709826155,6513.0
55.75375997880643,6571.0
55.7704712477867,6404.0
55.787182516766975,6363.0
55.80389378574725,6449.0
55.82060505472752,6328.0
55.837316323707796,6351.0
55.85402759268807,6411.0
55.87073886166834,6287.0
55.88745013064862,6205.0
55.90416139962889,6332.0
55.920872668609164,6351.0
55.93758393758944,6225.0
55.95429520656971,6407.0
55.971006475549984,6244.0
55.98771774453026,6290.0
56.00442901351053,6223.0
56.021140282490805,6261.0
56.03785155147109,6370.0
56.054562820451366,6234.0
56.07127408943164,6304.0
56.08798535841191,6123.0
56.10469662739219,6285.0
56.12140789637246,6274.0
56.138119165352734,6301.0
56.15483043433301,6273.0
56.17154170331328,6179.0
56.188252972293554,6206.0
56.20496424127383,6246.0
56.2216755102541,6304.0
56.238386779234375,6251.0
56.25509804821465,6098.0
56.27180931719492,6244.0
56.288520586175196,6088.0
56.30523185515547,6253.0
56.32194312413574,6221.0
56.338654393116016,6192.0
56.35536566209629,6270.0
56.37207693107656,6256.0
56.38878820005684,6132.0
56.40549946903711,6248.0
56.4222107380174,6207.0
56.43892200699767,6091.0
56.455633275977945,6453.0
56.47234454495822,6158.0
56.48905581393849,6228.0
56.505767082918766,6355.0
56.52247835189904,6222.0
56.53918962087931,6216.0
56.555900889859586,6262.0
56.57261215883986,6038.0
56.58932342782013,6170.0
56.60603469680041,6248.0
56.62274596578068,6352.0
56.639457234760954,6096.0
56.65616850374123,6290.0
56.6728797727215,6201.0
56.689591041701775,6275.0
56.70630231068205,6335.0
56.72301357966232,6062.0
56.739724848642595,6206.0
56.75643611762287,6247.0
56.77314738660314,6194.0
56.78985865558343,6019.0
56.8065699245637,6349.0
56.82328119354398,6143.0
56.83999246252425,6223.0
56.856703731504524,6293.0
56.8734150004848,6234.0
56.89012626946507,6084.0
56.906837538445345,6133.0
56.92354880742562,6239.0
56.94026007640589,6234.0
56.956971345386165,6242.0
56.97368261436644,6088.0
56.99039388334671,6072.0
57.007105152326986,6148.0
57.02381642130726,6209.0
57.04052769028753,6286.0
57.057238959267806,6192.0
57.07395022824808,6282.0
57.09066149722835,6071.0
57.10737276620863,6284.0
57.1240840351889,6169.0
57.140795304169174,6225.0
57.15750657314945,6083.0
57.174217842129735,6170.0
57.19092911111001,6222.0
57.20764038009028,6266.0
57.224351649070556,6144.0
57.24106291805083,6124.0
57.2577741870311,6248.0
57.27448545601138,6234.0
57.29119672499165,6012.0
57.307907993971924,6290.0
57.3246192629522,6249.0
57.34133053193247,6147.0
57.358041800912744,6196.0
57.37475306989302,6398.0
57.39146433887329,6285.0
57.408175607853565,6255.0
57.42488687683384,6359.0
57.44159814581411,6430.0
57.458309414794385,6423.0
57.47502068377466,6379.0
57.49173195275493,6546.0
57.508443221735206,6454.0
57.52515449071548,6476.0
57.54186575969575,6506.0
57.55857702867604,6680.0
57.575288297656314,6522.0
57.59199956663659,6609.0
57.60871083561686,6719.0
57.625422104597135,6609.0
57.64213337357741,6724.0
57.65884464255768,6693.0
57.675555911537955,6666.0
57.69226718051823,6695.0
57.7089784494985,6778.0
57.725689718478776,6561.0
57.74240098745905,6772.0
57.75911225643932,6551.0
57.7758235254196,6757.0
57.79253479439987,6639.0
57.809246063380144,6524.0
57.82595733236042,6558.0
57.84266860134069,6602.0
57.859379870320964,6429.0
57.87609113930124,6372.0
57.89280240828151,6536.0
57.909513677261785,6407.0
57.92622494624207,6482.0
57.942936215222346,6463.0
57.95964748420262,6225.0
57.97635875318289,6323.0
57.99307002216317,6309.0
58.00978129114344,6297.0
58.026492560123714,6271.0
58.04320382910399,6264.0
58.05991509808426,6400.0
58.076626367064534,6102.0
58.09333763604481,6307.0
58.11004890502508,6201.0
58.126760174005355,6308.0
58.14347144298563,6194.0
58.1601827119659,6134.0
58.176893980946176,6149.0
58.19360524992645,6279.0
58.21031651890672,6282.0
58.227027787886996,6239.0
58.24373905686727,6216.0
58.26045032584754,6224.0
58.27716159482782,6152.0
58.29387286380809,6202.0
58.31058413278838,6243.0
58.32729540176865,6255.0
58.344006670748925,6085.0
58.3607179397292,6351.0
58.37742920870947,6134.0
58.394140477689746,6108.0
58.41085174667002,6254.0
58.42756301565029,6009.0
58.444274284630566,6210.0
58.46098555361084,6120.0
58.47769682259111,6202.0
58.49440809157139,6227.0
58.51111936055166,6230.0
58.527830629531934,6155.0
58.54454189851221,6221.0
58.56125316749248,6194.0
58.577964436472755,6082.0
58.59467570545303,6071.0
58.6113869744333,6151.0
58.628098243413575,6129.0
58.64480951239385,6144.0
58.66152078137412,5970.0
58.67823205035441,6080.0
58.69494331933468,6140.0
58.71165458831496,6176.0
58.72836585729523,6130.0
58.745077126275504,6233.0
58.76178839525578,6128.0
58.77849966423605,6231.0
58.795210933216325,6151.0
58.8119222021966,6085.0
58.82863347117687,6100.0
58.845344740157145,6240.0
58.86205600913742,6102.0
58.87876727811769,6054.0
58.895478547097966,6191.0
58.91218981607824,6268.0
58.92890108505851,6233.0
58.945612354038786,5970.0
58.96232362301906,6181.0
58.97903489199933,6121.0
58.99574616097961,6172.0
59.01245742995988,6149.0
59.029168698940154,6120.0
59.04587996792043,6061.0
59.062591236900715,6297.0
59.07930250588099,6055.0
59.09601377486126,6122.0
59.112725043841536,6106.0
59.12943631282181,6147.0
59.14614758180208,6001.0
59.16285885078236,6203.0
59.17957011976263,6182.0
59.196281388742904,6170.0
59.21299265772318,6209.0
59.22970392670345,6010.0
59.246415195683724,6249.0
59.263126464664,6098.0
59.27983773364427,6169.0
59.296549002624545,6064.0
59.31326027160482,6188.0
59.32997154058509,6297.0
59.346682809565365,6202.0
59.36339407854564,6271.0
59.38010534752591,6203.0
59.396816616506186,6059.0
59.41352788548646,6274.0
59.43023915446673,6041.0
59.44695042344702,6159.0
59.463661692427294,6163.0
59.48037296140757,6158.0
59.49708423038784,6249.0
59.513795499368115,6069.0
59.53050676834839,6007.0
59.54721803732866,6155.0
59.563929306308935,6119.0
59.58064057528921,6121.0
59.59735184426948,6295.0
59.614063113249756,6172.0
59.63077438223003,6257.0
59.6474856512103,6183.0
59.66419692019058,6177.0
59.68090818917085,6282.0
59.697619458151124,6194.0
59.7143307271314,6172.0
59.73104199611167,6257.0
59.747753265091944,6070.0
59.76446453407222,6294.0
59.78117580305249,6355.0
59.797887072032765,6171.0
59.81459834101305,6384.0
59.831309609993326,6318.0
59.8480208789736,6356.0
59.86473214795387,6229.0
59.88144341693415,6300.0
59.89815468591442,6351.0
59.914865954894694,6392.0
59.93157722387497,6309.0
59.94828849285524,6306.0
59.964999761835514,6453.0
59.98171103081579,6262.0
59.99842229979606,6276.0
60.015133568776335,6263.0
60.03184483775661,6317.0
60.04855610673688,6194.0
60.065267375717156,6302.0
60.08197864469743,6136.0
60.0986899136777,6223.0
60.115401182657976,6134.0
60.13211245163825,6070.0
60.14882372061852,6156.0
60.1655349895988,6215.0
60.18224625857907,6040.0
60.19895752755936,6241.0
60.21566879653963,6152.0
60.232380065519905,6116.0
60.24909133450018,6207.0
60.26580260348045,6185.0
60.282513872460726,6037.0
60.299225141441,6171.0
60.31593641042127,6255.0
60.332647679401546,6230.0
60.34935894838182,6176.0
60.36607021736209,6082.0
60.38278148634237,6203.0
60.39949275532264,6223.0
60.416204024302914,6084.0
60.43291529328319,6130.0
60.44962656226346,6270.0
60.466337831243735,6200.0
60.48304910022401,6104.0
60.49976036920428,6136.0
60.516471638184555,6061.0
60.53318290716483,5993.0
60.5498941761451,6194.0
60.566605445125376,6004.0
60.58331671410566,6048.0
60.60002798308594,6141.0
60.61673925206621,6149.0
60.633450521046484,6122.0
60.65016179002676,6104.0
60.66687305900703,6077.0
60.683584327987305,6186.0
60.70029559696758,6091.0
60.71700686594785,6164.0
60.733718134928125,6197.0
60.7504294039084,6175.0
60.76714067288867,6070.0
60.783851941868946,6115.0
60.80056321084922,6154.0
60.81727447982949,6064.0
60.833985748809766,6144.0
60.85069701779004,6218.0
60.86740828677031,6291.0
60.88411955575059,6105.0
60.90083082473086,6076.0
60.917542093711134,6164.0
60.93425336269141,6101.0
60.950964631671695,6230.0
60.96767590065197,6027.0
60.98438716963224,6064.0
61.001098438612516,6056.0
61.01780970759279,6188.0
61.03452097657306,6279.0
61.05123224555334,6118.0
61.06794351453361,6078.0
61.084654783513884,6205.0
61.10136605249416,6315.0
61.11807732147443,6277.0
61.134788590454704,6138.0
61.15149985943498,6072.0
61.16821112841525,6028.0
61.184922397395525,6071.0
61.2016336663758,6103.0
61.21834493535607,6180.0
61.235056204336345,6003.0
61.25176747331662,6221.0
61.26847874229689,6105.0
61.285190011277166,6112.0
61.30190128025744,6185.0
61.31861254923771,6167.0
61.335323818218,6200.0
61.352035087198274,6010.0
61.36874635617855,6119.0
61.38545762515882,6029.0
61.402168894139095,5988.0
61.41888016311937,6086.0
61.43559143209964,6116.0
61.452302701079915,6228.0
61.46901397006019,6065.0
61.48572523904046,6179.0
61.502436508020736,6082.0
61.51914777700101,6168.0
61.53585904598128,6018.0
61.55257031496156,6069.0
61.56928158394183,6148.0
61.585992852922104,6124.0
61.60270412190238,6235.0
61.61941539088265,5899.0
61.636126659862924,6103.0
61.6528379288432,6029.0
61.66954919782347,6077.0
61.686260466803745,6066.0
61.70297173578403,6046.0
61.719683004764306,6179.0
61.73639427374458,6159.0
61.75310554272485,6023.0
61.76981681170513,6158.0
61.7865280806854,6216.0
61.803239349665674,6151.0
61.81995061864595,6133.0
61.83666188762622,6081.0
61.853373156606494,6086.0
61.87008442558677,6057.0
61.88679569456704,6198.0
61.903506963547315,6077.0
61.92021823252759,6190.0
61.93692950150786,6084.0
61.953640770488136,6164.0
61.97035203946841,6125.0
61.98706330844868,6081.0
62.003774577428956,6004.0
62.02048584640923,6045.0
62.0371971153895,5949.0
62.05390838436978,6103.0
62.07061965335005,6186.0
62.08733092233034,5994.0
62.10404219131061,6167.0
62.120753460290885,5952.0
62.13746472927116,6219.0
62.15417599825143,6099.0
62.170887267231706,6119.0
62.18759853621198,6037.0
62.20430980519225,6060.0
62.221021074172526,6133.0
62.2377323431528,6105.0
62.25444361213307,6134.0
62.27115488111335,6172.0
62.28786615009362,6148.0
62.304577419073894,5982.0
62.32128868805417,6247.0
62.33799995703444,6115.0
62.354711226014714,6239.0
62.37142249499499,6159.0
62.38813376397526,6255.0
62.404845032955535,6112.0
62.42155630193581,6026.0
62.43826757091608,6176.0
62.454978839896356,6255.0
62.47169010887664,6263.0
62.48840137785692,6077.0
62.50511264683719,6175.0
62.521823915817464,6201.0
62.53853518479774,6240.0
62.55524645377801,6108.0
62.571957722758285,6216.0
62.58866899173856,6185.0
62.60538026071883,6201.0
62.622091529699105,6325.0
62.63880279867938,6159.0
62.65551406765965,6238.0
62.672225336639926,6223.0
62.6889366056202,6118.0
62.70564787460047,6282.0
62.722359143580746,6199.0
62.73907041256102,6287.0
62.75578168154129,6349.0
62.77249295052157,6378.0
62.78920421950184,6213.0
62.805915488482114,6322.0
62.82262675746239,6149.0
62.839338026442675,6325.0
62.85604929542295,6258.0
62.87276056440322,6305.0
62.889471833383496,6342.0
62.90618310236377,6271.0
62.92289437134404,6415.0
62.93960564032432,6350.0
62.95631690930459,6378.0
62.97302817828486,6414.0
62.98973944726514,6521.0
63.00645071624541,6398.0
63.023161985225684,6572.0
63.03987325420596,6371.0
63.05658452318623,6466.0
63.073295792166505,6540.0
63.09000706114678,6490.0
63.10671833012705,6549.0
63.123429599107325,6500.0
63.1401408680876,6435.0
63.15685213706787,6361.0
63.173563406048146,6294.0
63.19027467502842,6411.0
63.20698594400869,6441.0
63.22369721298898,6388.0
63.240408481969254,6488.0
63.25711975094953,6370.0
63.2738310199298,6353.0
63.290542288910075,6329.0
63.30725355789035,6337.0
63.32396482687062,6225.0
63.340676095850895,6356.0
63.35738736483117,6332.0
63.37409863381144,6254.0
63.390809902791716,6210.0
63.40752117177199,6304.0
63.42423244075226,6380.0
63.44094370973254,6170.0
63.45765497871281,6248.0
63.474366247693084,6338.0
63.49107751667336,6281.0
63.50778878565363,6290.0
63.524500054633904,6128.0
63.54121132361418,6195.0
63.55792259259445,6186.0
63.574633861574725,6070.0
63.591345130555,6230.0
63.608056399535286,6131.0
63.62476766851556,6339.0
63.64147893749583,6155.0
63.65819020647611,6211.0
63.67490147545638,6123.0
63.691612744436654,6122.0
63.70832401341693,6153.0
63.7250352823972,6206.0
63.741746551377474,6297.0
63.75845782035775,6232.0
63.77516908933802,6133.0
63.791880358318295,6178.0
63.80859162729857,6188.0
63.82530289627884,6420.0
63.842014165259116,6334.0
63.85872543423939,6111.0
63.87543670321966,6415.0
63.892147972199936,6243.0
63.90885924118021,6368.0
63.92557051016048,6352.0
63.94228177914076,6374.0
63.95899304812103,6275.0
63.97570431710132,6357.0
63.99241558608159,6372.0
64.00912685506187,6361.0
64.02583812404214,6386.0
64.04254939302241,6392.0
64.05926066200269,6416.0
64.07597193098296,6457.0
64.09268319996323,6485.0
64.1093944689435,6544.0
64.12610573792378,6495.0
64.14281700690405,6455.0
64.15952827588433,6381.0
64.1762395448646,6480.0
64.19295081384487,6450.0
64.20966208282515,6450.0
64.22637335180542,6535.0
64.2430846207857,6304.0
64.25979588976597,6486.0
64.27650715874624,6406.0
64.29321842772652,6177.0
64.30992969670679,6426.0
64.32664096568706,6376.0
64.34335223466734,6455.0
64.36006350364762,6431.0
64.3767747726279,6229.0
64.39348604160817,6211.0
64.41019731058844,6337.0
64.42690857956872,6305.0
64.44361984854899,6345.0
64.46033111752926,6205.0
64.47704238650954,6278.0
64.49375365548981,6111.0
64.51046492447009,6181.0
64.52717619345036,6211.0
64.54388746243063,6144.0
64.5605987314109,6113.0
64.57731000039118,6201.0
64.59402126937145,6144.0
64.61073253835173,6029.0
64.627443807332,6062.0
64.64415507631227,6128.0
64.66086634529255,6119.0
64.67757761427282,6182.0
64.6942888832531,6087.0
64.71100015223337,6154.0
64.72771142121366,5962.0
64.74442269019393,6174.0
64.7611339591742,6168.0
64.77784522815448,6130.0
64.79455649713475,6153.0
64.81126776611502,6183.0
64.8279790350953,6271.0
64.84469030407557,6187.0
64.86140157305584,6120.0
64.87811284203612,6141.0
64.89482411101639,6108.0
64.91153537999666,6273.0
64.92824664897694,6260.0
64.94495791795721,6231.0
64.96166918693748,6185.0
64.97838045591776,6080.0
64.99509172489803,6125.0
65.0118029938783,6002.0
65.02851426285858,6127.0
65.04522553183885,6133.0
65.06193680081913,6175.0
65.0786480697994,5993.0
65.09535933877967,6141.0
65.11207060775996,6217.0
65.12878187674023,6249.0
65.14549314572051,6155.0
65.16220441470078,6027.0
65.17891568368105,6105.0
65.19562695266133,6187.0
65.2123382216416,6123.0
65.22904949062188,5983.0
65.24576075960215,6337.0
65.26247202858242,5881.0
65.2791832975627,6075.0
65.29589456654297,6130.0
65.31260583552324,6116.0
65.32931710450352,6163.0
65.34602837348379,6124.0
65.36273964246406,6151.0
65.37945091144434,6015.0
65.39616218042461,6158.0
65.41287344940488,6071.0
65.42958471838516,6066.0
65.44629598736543,6117.0
65.4630072563457,6049.0
65.47971852532598,6050.0
65.49642979430627,6055.0
65.51314106328654,6026.0
65.52985233226681,6069.0
65.54656360124709,6087.0
65.56327487022736,5962.0
65.57998613920763,5956.0
65.59669740818791,6024.0
65.61340867716818,6090.0
65.63011994614845,6184.0
65.64683121512873,6268.0
65.663542484109,6135.0
65.68025375308927,6029.0
65.69696502206955,5964.0
65.71367629104982,6202.0
65.7303875600301,6046.0
65.74709882901037,6085.0
65.76381009799064,6062.0
65.78052136697092,6149.0
65.79723263595119,5981.0
65.81394390493146,6185.0
65.83065517391174,6130.0
65.84736644289201,6153.0
65.8640777118723,6133.0
65.88078898085257,5993.0
65.89750024983285,6103.0
65.91421151881312,6284.0
65.93092278779339,6168.0
65.94763405677367,6091.0
65.96434532575394,5790.0
65.98105659473421,6027.0
65.99776786371449,6100.0
66.01447913269476,6049.0
66.03119040167503,5930.0
66.0479016706553,5936.0
66.06461293963558,6183.0
66.08132420861585,6104.0
66.09803547759613,6102.0
66.1147467465764,6035.0
66.13145801555667,6069.0
66.14816928453695,6116.0
66.16488055351722,6158.0
66.1815918224975,6182.0
66.19830309147777,6175.0
66.21501436045804,6075.0
66.23172562943832,6069.0
66.2484368984186,6029.0
66.26514816739888,6175.0
66.28185943637915,6198.0
66.29857070535942,6056.0
66.3152819743397,5990.0
66.33199324331997,6117.0
66.34870451230024,6061.0
66.36541578128052,6185.0
66.38212705026079,6117.0
66.39883831924107,6217.0
66.41554958822134,6155.0
66.43226085720161,6162.0
66.44897212618189,6129.0
66.46568339516216,6034.0
66.48239466414243,6183.0
66.4991059331227,6128.0
66.51581720210298,6115.0
66.53252847108325,6226.0
66.54923974006353,6161.0
66.5659510090438,6029.0
66.58266227802407,6166.0
66.59937354700435,6192.0
66.61608481598462,6040.0
66.63279608496491,6213.0
66.64950735394518,6065.0
66.66621862292546,6088.0
66.68292989190573,6072.0
66.699641160886,6231.0
66.71635242986628,6011.0
66.73306369884655,6052.0
66.74977496782682,6166.0
66.7664862368071,6151.0
66.78319750578737,6122.0
66.79990877476764,6001.0
66.81662004374792,6185.0
66.83333131272819,6064.0
66.85004258170846,6345.0
66.86675385068874,6033.0
66.88346511966901,6060.0
66.90017638864929,6117.0
66.91688765762956,6201.0
66.93359892660983,6221.0
66.9503101955901,6213.0
66.96702146457038,6065.0
66.98373273355065,6043.0
67.00044400253094,6114.0
67.01715527151121,6184.0
67.03386654049149,6101.0
67.05057780947176,6221.0
67.06728907845203,6156.0
67.08400034743231,6174.0
67.10071161641258,6229.0
67.11742288539286,6177.0
67.13413415437313,6114.0
67.1508454233534,6123.0
67.16755669233368,6093.0
67.18426796131395,6078.0
67.20097923029422,5982.0
67.2176904992745,6087.0
67.23440176825477,6093.0
67.25111303723504,6182.0
67.26782430621532,6098.0
67.28453557519559,6121.0
67.30124684417586,6082.0
67.31795811315614,6160.0
67.33466938213641,6070.0
67.35138065111668,6191.0
67.36809192009696,6187.0
67.38480318907725,6138.0
67.40151445805752,6070.0
67.4182257270378,6062.0
67.43493699601807,6128.0
67.45164826499834,6094.0
67.46835953397861,6144.0
67.48507080295889,6144.0
67.50178207193916,5959.0
67.51849334091943,6011.0
67.53520460989971,6105.0
67.55191587887998,6145.0
67.56862714786025,6008.0
67.58533841684053,6120.0
67.6020496858208,6044.0
67.61876095480108,6026.0
67.63547222378135,5955.0
67.65218349276162,6020.0
67.6688947617419,6028.0
67.68560603072217,6041.0
67.70231729970244,6083.0
67.71902856868272,6062.0
67.73573983766299,6073.0
67.75245110664326,6097.0
67.76916237562355,5959.0
67.78587364460383,6116.0
67.8025849135841,6051.0
67.81929618256437,6221.0
67.83600745154465,6132.0
67.85271872052492,6302.0
67.86942998950519,6081.0
67.88614125848547,6184.0
67.90285252746574,6151.0
67.91956379644601,6021.0
67.93627506542629,6061.0
67.95298633440656,6239.0
67.96969760338683,6061.0
67.98640887236711,6037.0
68.00312014134738,6081.0
68.01983141032765,6144.0
68.03654267930793,6155.0
68.0532539482882,6029.0
68.06996521726848,6180.0
68.08667648624875,6084.0
68.10338775522902,6096.0
68.1200990242093,6269.0
68.13681029318958,6096.0
68.15352156216986,6106.0
68.17023283115013,5888.0
68.1869441001304,6100.0
68.20365536911068,6092.0
68.22036663809095,5998.0
68.23707790707122,6021.0
68.2537891760515,6193.0
68.27050044503177,6106.0
68.28721171401205,6038.0
68.30392298299232,5939.0
68.32063425197259,6112.0
68.33734552095287,6041.0
68.35405678993314,6014.0
68.37076805891341,6166.0
68.38747932789369,5971.0
68.40419059687396,6120.0
68.42090186585423,6097.0
68.4376131348345,6099.0
68.45432440381478,6096.0
68.47103567279505,5978.0
68.48774694177533,6132.0
68.5044582107556,6234.0
68.52116947973589,6028.0
68.53788074871616,6198.0
68.55459201769644,6048.0
68.57130328667671,6131.0
68.58801455565698,6093.0
68.60472582463726,6002.0
68.62143709361753,6123.0
68.6381483625978,6085.0
68.65485963157808,5992.0
68.67157090055835,6076.0
68.68828216953862,6166.0
68.7049934385189,6122.0
68.72170470749917,6028.0
68.73841597647944,6097.0
68.75512724545972,6154.0
68.77183851443999,6088.0
68.78854978342027,6049.0
68.80526105240054,6154.0
68.82197232138081,6170.0
68.83868359036109,6081.0
68.85539485934136,6011.0
68.87210612832163,6098.0
68.88881739730192,6061.0
68.9055286662822,6180.0
68.92223993526247,6082.0
68.93895120424274,6165.0
68.95566247322301,5867.0
68.97237374220329,6114.0
68.98908501118356,6075.0
69.00579628016384,6125.0
69.02250754914411,6071.0
69.03921881812438,6276.0
69.05593008710466,6133.0
69.07264135608493,6226.0
69.0893526250652,6166.0
69.10606389404548,6098.0
69.12277516302575,6077.0
69.13948643200602,6098.0
69.1561977009863,6107.0
69.17290896996657,6088.0
69.18962023894684,6071.0
69.20633150792712,6137.0
69.22304277690739,6042.0
69.23975404588766,6025.0
69.25646531486794,6061.0
69.27317658384823,5974.0
69.2898878528285,6052.0
69.30659912180877,5980.0
69.32331039078905,6074.0
69.34002165976932,6010.0
69.3567329287496,6097.0
69.37344419772987,6175.0
69.39015546671014,6017.0
69.40686673569041,6002.0
69.42357800467069,6105.0
69.44028927365096,6122.0
69.45700054263123,6161.0
69.47371181161151,6194.0
69.49042308059178,6021.0
69.50713434957206,6164.0
69.52384561855233,6128.0
69.5405568875326,6108.0
69.55726815651288,6074.0
69.57397942549315,6244.0
69.59069069447342,6144.0
69.6074019634537,6041.0
69.62411323243397,6215.0
69.64082450141424,6158.0
69.65753577039453,6139.0
69.6742470393748,5960.0
69.69095830835508,6132.0
69.70766957733535,6131.0
69.72438084631563,6046.0
69.7410921152959,6006.0
69.75780338427617,5836.0
69.77451465325645,6145.0
69.79122592223672,6049.0
69.807937191217,6071.0
69.82464846019727,6104.0
69.84135972917754,6006.0
69.85807099815781,5907.0
69.87478226713809,6115.0
69.89149353611836,6150.0
69.90820480509863,5966.0
69.92491607407891,6073.0
69.94162734305918,6128.0
69.95833861203946,5946.0
69.97504988101973,6117.0
69.99176115,5956.0
