2Theta,Intensity
20.00835563,4383.0
20.025066898978615,4532.0
20.04177816795723,4345.0
20.05848943693584,4436.0
20.075200705914455,4478.0
20.09191197489307,4513.0
20.108623243871683,4314.0
20.125334512850294,4397.0
20.14204578182891,4462.0
20.158757050807523,4384.0
20.175468319786138,4377.0
20.19217958876475,4417.0
20.208890857743363,4436.0
20.225602126721977,4264.0
20.24231339570059,4324.0
20.259024664679202,4334.0
20.275735933657817,4315.0
20.29244720263643,4281.0
20.309158471615046,4324.0
20.325869740593657,4423.0
20.34258100957227,4300.0
20.359292278550885,4354.0
20.3760035475295,4309.0
20.392714816508114,4207.0
20.409426085486725,4236.0
20.42613735446534,4290.0
20.442848623443954,4221.0
20.45955989242257,4273.0
20.47627116140118,4220.0
20.492982430379794,4366.0
20.509693699358408,4198.0
20.526404968337022,4121.0
20.543116237315633,4124.0
20.559827506294248,4137.0
20.576538775272862,4245.0
20.593250044251477,4091.0
20.609961313230087,4167.0
20.626672582208702,4074.0
20.643383851187316,4222.0
20.66009512016593,4216.0
20.676806389144545,4173.0
20.693517658123156,4222.0
20.71022892710177,4198.0
20.726940196080385,4078.0
20.743651465059,4066.0
20.76036273403761,3956.0
20.777074003016224,3992.0
20.79378527199484,4026.0
20.810496540973453,4038.0
20.827207809952064,4095.0
20.84391907893068,3986.0
20.860630347909293,3898.0
20.877341616887907,4187.0
20.894052885866518,3928.0
20.910764154845133,4051.0
20.927475423823747,4077.0
20.94418669280236,4015.0
20.960897961780972,4033.0
20.977609230759587,4010.0
20.9943204997382,3863.0
21.011031768716816,3961.0
21.02774303769543,4059.0
21.04445430667404,3964.0
21.061165575652655,4070.0
21.07787684463127,4042.0
21.094588113609884,3977.0
21.111299382588495,3899.0
21.12801065156711,4053.0
21.144721920545724,3839.0
21.161433189524338,3915.0
21.17814445850295,3932.0
21.194855727481563,3837.0
21.211566996460178,3872.0
21.228278265438792,3806.0
21.244989534417403,3925.0
21.261700803396018,3767.0
21.278412072374632,3771.0
21.295123341353246,3831.0
21.311834610331857,3831.0
21.32854587931047,3879.0
21.345257148289086,3795.0
21.3619684172677,3725.0
21.378679686246315,3767.0
21.395390955224926,3753.0
21.41210222420354,3807.0
21.428813493182155,3857.0
21.44552476216077,3951.0
21.46223603113938,3604.0
21.478947300117994,3727.0
21.49565856909661,3808.0
21.512369838075223,3931.0
21.529081107053834,3786.0
21.54579237603245,3695.0
21.562503645011063,3829.0
21.579214913989677,3742.0
21.595926182968288,3857.0
21.612637451946902,3622.0
21.629348720925517,3696.0
21.64605998990413,3729.0
21.662771258882742,3751.0
21.679482527861357,3682.0
21.69619379683997,3695.0
21.712905065818585,3612.0
21.7296163347972,3735.0
21.74632760377581,3586.0
21.763038872754425,3608.0
21.77975014173304,3598.0
21.796461410711654,3674.0
21.813172679690265,3631.0
21.82988394866888,3624.0
21.846595217647494,3618.0
21.863306486626108,3593.0
21.88001775560472,3677.0
21.896729024583333,3709.0
21.913440293561948,3532.0
21.930151562540562,3579.0
21.946862831519176,3629.0
21.963574100497787,3555.0
21.9802853694764,3544.0
21.996996638455016,3573.0
22.013707907433627,3587.0
22.03041917641224,3621.0
22.047130445390856,3464.0
22.06384171436947,3439.0
22.080552983348085,3512.0
22.097264252326696,3481.0
22.11397552130531,3521.0
22.130686790283924,3482.0
22.14739805926254,3579.0
22.16410932824115,3463.0
22.180820597219764,3404.0
22.19753186619838,3509.0
22.214243135176993,3436.0
22.230954404155604,3449.0
22.247665673134218,3432.0
22.264376942112833,3443.0
22.281088211091447,3483.0
22.29779948007006,3410.0
22.314510749048672,3417.0
22.331222018027287,3417.0
22.3479332870059,3427.0
22.364644555984512,3413.0
22.381355824963126,3349.0
22.39806709394174,3372.0
22.414778362920355,3472.0
22.43148963189897,3356.0
22.44820090087758,3425.0
22.464912169856195,3325.0
22.48162343883481,3326.0
22.498334707813424,3384.0
22.515045976792035,3210.0
22.53175724577065,3385.0
22.548468514749263,3399.0
22.565179783727878,3275.0
22.58189105270649,3453.0
22.598602321685103,3338.0
22.615313590663717,3403.0
22.632024859642332,3281.0
22.648736128620946,3237.0
22.665447397599557,3152.0
22.68215866657817,3247.0
22.698869935556786,3301.0
22.715581204535397,3244.0
22.73229247351401,3175.0
22.749003742492626,3308.0
22.76571501147124,3179.0
22.782426280449855,3299.0
22.799137549428465,3191.0
22.81584881840708,3255.0
22.832560087385694,3242.0
22.84927135636431,3175.0
22.86598262534292,3234.0
22.882693894321534,3248.0
22.89940516330015,3129.0
22.916116432278763,3201.0
22.932827701257374,3214.0
22.949538970235988,3178.0
22.966250239214602,3180.0
22.982961508193217,3163.0
22.99967277717183,3144.0
23.016384046150442,3081.0
23.033095315129057,3195.0
23.04980658410767,3093.0
23.066517853086285,3196.0
23.083229122064896,3117.0
23.09994039104351,3168.0
23.116651660022125,3195.0
23.13336292900074,3085.0
23.15007419797935,3098.0
23.166785466957965,3278.0
23.18349673593658,3138.0
23.200208004915194,3182.0
23.216919273893808,3195.0
23.23363054287242,3121.0
23.250341811851033,3042.0
23.267053080829648,3185.0
23.28376434980826,3065.0
23.300475618786873,3073.0
23.317186887765487,3100.0
23.3338981567441,3080.0
23.350609425722716,2997.0
23.367320694701327,3053.0
23.38403196367994,3021.0
23.400743232658556,3145.0
23.41745450163717,2978.0
23.43416577061578,3125.0
23.450877039594396,3133.0
23.46758830857301,3071.0
23.484299577551624,3146.0
23.501010846530235,3075.0
23.51772211550885,3083.0
23.534433384487464,3008.0
23.55114465346608,3081.0
23.567855922444693,3073.0
23.584567191423304,3145.0
23.601278460401918,3167.0
23.617989729380533,3181.0
23.634700998359143,3107.0
23.651412267337758,3175.0
23.668123536316372,3223.0
23.684834805294987,3076.0
23.7015460742736,3176.0
23.718257343252212,3199.0
23.734968612230826,3244.0
23.75167988120944,3156.0
23.768391150188055,3303.0
23.785102419166666,3239.0
23.80181368814528,3208.0
23.818524957123895,3191.0
23.83523622610251,3221.0
23.85194749508112,3252.0
23.868658764059735,3299.0
23.88537003303835,3263.0
23.902081302016963,3301.0
23.918792570995578,3333.0
23.93550383997419,3180.0
23.952215108952803,3303.0
23.968926377931417,3317.0
23.98563764691003,3362.0
24.002348915888643,3177.0
24.019060184867257,3241.0
24.03577145384587,3215.0
24.052482722824486,3342.0
24.069193991803097,3316.0
24.08590526078171,3080.0
24.102616529760326,3125.0
24.119327798738937,3201.0
24.136039067717554,3124.0
24.152750336696165,3172.0
24.16946160567478,3166.0
24.186172874653394,3208.0
24.202884143632005,3189.0
24.21959541261062,3217.0
24.236306681589234,3230.0
24.25301795056785,3211.0
24.269729219546463,3275.0
24.286440488525074,3240.0
24.303151757503688,3153.0
24.319863026482302,3256.0
24.336574295460913,3241.0
24.353285564439528,3184.0
24.369996833418142,3341.0
24.386708102396756,3392.0
24.40341937137537,3299.0
24.42013064035398,3427.0
24.436841909332596,3407.0
24.45355317831121,3561.0
24.470264447289825,3483.0
24.48697571626844,3530.0
24.50368698524705,3517.0
24.520398254225665,3539.0
24.53710952320428,3513.0
24.55382079218289,3486.0
24.570532061161504,3609.0
24.58724333014012,3444.0
24.603954599118733,3410.0
24.620665868097348,3450.0
24.63737713707596,3386.0
24.654088406054573,3319.0
24.670799675033187,3087.0
24.687510944011798,3239.0
24.704222212990413,3184.0
24.720933481969027,3122.0
24.73764475094764,3111.0
24.754356019926256,3089.0
24.771067288904867,2946.0
24.78777855788348,2925.0
24.804489826862095,2942.0
24.82120109584071,2897.0
24.837912364819324,2880.0
24.854623633797935,2849.0
24.87133490277655,2896.0
24.888046171755164,2789.0
24.904757440733775,2794.0
24.92146870971239,2821.0
24.938179978691004,2776.0
24.954891247669618,2776.0
24.971602516648232,2820.0
24.988313785626843,2781.0
25.005025054605458,2732.0
25.021736323584072,2683.0
25.038447592562683,2714.0
25.055158861541297,2754.0
25.071870130519912,2658.0
25.088581399498526,2723.0
25.10529266847714,2742.0
25.12200393745575,2765.0
25.138715206434366,2760.0
25.15542647541298,2676.0
25.172137744391595,2683.0
25.18884901337021,2721.0
25.20556028234882,2727.0
25.222271551327434,2671.0
25.23898282030605,2678.0
25.25569408928466,2704.0
25.272405358263274,2692.0
25.28911662724189,2675.0
25.305827896220503,2616.0
25.322539165199117,2694.0
25.33925043417773,2599.0
25.355961703156343,2713.0
25.372672972134957,2678.0
25.389384241113568,2700.0
25.406095510092182,2640.0
25.422806779070797,2678.0
25.43951804804941,2590.0
25.456229317028026,2609.0
25.472940586006636,2669.0
25.48965185498525,2554.0
25.506363123963865,2678.0
25.52307439294248,2663.0
25.539785661921094,2629.0
25.556496930899705,2572.0
25.57320819987832,2659.0
25.589919468856934,2705.0
25.606630737835545,2682.0
25.62334200681416,2615.0
25.640053275792773,2674.0
25.656764544771388,2581.0
25.673475813750002,2681.0
25.690187082728613,2645.0
25.706898351707228,2622.0
25.723609620685842,2664.0
25.740320889664453,2653.0
25.757032158643067,2637.0
25.77374342762168,2605.0
25.790454696600296,2552.0
25.80716596557891,2633.0
25.82387723455752,2633.0
25.840588503536136,2659.0
25.85729977251475,2583.0
25.874011041493365,2618.0
25.89072231047198,2480.0
25.90743357945059,2565.0
25.924144848429204,2579.0
25.94085611740782,2498.0
25.95756738638643,2578.0
25.974278655365044,2593.0
25.99098992434366,2570.0
26.007701193322273,2532.0
26.024412462300887,2486.0
26.041123731279498,2620.0
26.057835000258113,2546.0
26.074546269236727,2569.0
26.091257538215338,2599.0
26.107968807193956,2542.0
26.124680076172567,2582.0
26.14139134515118,2551.0
26.158102614129795,2561.0
26.174813883108406,2615.0
26.19152515208702,2547.0
26.208236421065635,2432.0
26.22494769004425,2471.0
26.241658959022864,2562.0
26.258370228001475,2644.0
26.27508149698009,2603.0
26.291792765958704,2556.0
26.308504034937314,2589.0
26.32521530391593,2523.0
26.341926572894543,2621.0
26.358637841873158,2615.0
26.375349110851772,2509.0
26.392060379830383,2525.0
26.408771648808997,2509.0
26.425482917787612,2436.0
26.442194186766226,2501.0
26.45890545574484,2517.0
26.47561672472345,2495.0
26.492327993702066,2555.0
26.50903926268068,2404.0
26.52575053165929,2522.0
26.542461800637906,2516.0
26.55917306961652,2479.0
26.575884338595134,2498.0
26.59259560757375,2449.0
26.60930687655236,2501.0
26.626018145530974,2375.0
26.64272941450959,2381.0
26.6594406834882,2424.0
26.676151952466814,2540.0
26.692863221445428,2541.0
26.709574490424043,2590.0
26.726285759402657,2525.0
26.742997028381268,2579.0
26.759708297359882,2490.0
26.776419566338497,2557.0
26.79313083531711,2457.0
26.809842104295726,2433.0
26.826553373274336,2515.0
26.84326464225295,2579.0
26.859975911231565,2660.0
26.876687180210176,2593.0
26.89339844918879,2638.0
26.910109718167405,2546.0
26.92682098714602,2658.0
26.943532256124634,2709.0
26.960243525103245,2785.0
26.97695479408186,2903.0
26.993666063060473,2835.0
27.010377332039084,2841.0
27.0270886010177,2954.0
27.043799869996313,2982.0
27.060511138974928,2950.0
27.077222407953542,2914.0
27.093933676932153,2904.0
27.110644945910767,2870.0
27.12735621488938,2830.0
27.144067483867996,2761.0
27.16077875284661,2646.0
27.17749002182522,2734.0
27.194201290803836,2562.0
27.21091255978245,2602.0
27.22762382876106,2461.0
27.244335097739675,2522.0
27.26104636671829,2626.0
27.277757635696904,2402.0
27.29446890467552,2562.0
27.31118017365413,2540.0
27.327891442632744,2540.0
27.34460271161136,2563.0
27.36131398058997,2498.0
27.378025249568584,2605.0
27.394736518547198,2480.0
27.411447787525812,2555.0
27.428159056504427,2574.0
27.444870325483038,2491.0
27.461581594461652,2633.0
27.478292863440267,2578.0
27.49500413241888,2720.0
27.511715401397495,2671.0
27.528426670376106,2750.0
27.54513793935472,2622.0
27.561849208333335,2635.0
27.578560477311946,2744.0
27.59527174629056,2807.0
27.611983015269175,2774.0
27.62869428424779,2847.0
27.645405553226404,2945.0
27.662116822205014,3077.0
27.67882809118363,3280.0
27.695539360162243,3403.0
27.712250629140854,3246.0
27.72896189811947,3136.0
27.745673167098083,3266.0
27.762384436076697,3299.0
27.779095705055312,3205.0
27.795806974033923,3108.0
27.812518243012537,3217.0
27.82922951199115,3132.0
27.845940780969766,3060.0
27.86265204994838,3104.0
27.87936331892699,3209.0
27.896074587905606,3096.0
27.91278585688422,3162.0
27.92949712586283,3075.0
27.946208394841445,3128.0
27.96291966382006,3085.0
27.979630932798674,2962.0
27.99634220177729,2947.0
28.0130534707559,2962.0
28.029764739734514,3044.0
28.046476008713128,2949.0
28.06318727769174,2933.0
28.079898546670357,2931.0
28.096609815648968,2948.0
28.113321084627582,2942.0
28.130032353606197,2839.0
28.146743622584808,2881.0
28.163454891563422,2824.0
28.180166160542036,2805.0
28.196877429520647,2682.0
28.213588698499265,2624.0
28.230299967477876,2715.0
28.24701123645649,2682.0
28.263722505435105,2667.0
28.280433774413716,2641.0
28.297145043392334,2658.0
28.313856312370945,2592.0
28.33056758134956,2608.0
28.347278850328173,2571.0
28.363990119306784,2557.0
28.3807013882854,2562.0
28.397412657264013,2516.0
28.414123926242624,2443.0
28.430835195221242,2446.0
28.447546464199853,2354.0
28.464257733178467,2418.0
28.48096900215708,2345.0
28.497680271135692,2344.0
28.514391540114307,2318.0
28.53110280909292,2456.0
28.547814078071532,2376.0
28.56452534705015,2290.0
28.58123661602876,2334.0
28.597947885007375,2326.0
28.61465915398599,2288.0
28.6313704229646,2314.0
28.64808169194322,2248.0
28.66479296092183,2318.0
28.681504229900444,2229.0
28.69821549887906,2247.0
28.71492676785767,2256.0
28.731638036836284,2299.0
28.748349305814898,2219.0
28.76506057479351,2287.0
28.781771843772127,2224.0
28.798483112750738,2297.0
28.815194381729352,2173.0
28.831905650707967,2164.0
28.848616919686577,2173.0
28.865328188665192,2180.0
28.882039457643806,2299.0
28.89875072662242,2243.0
28.915461995601035,2179.0
28.932173264579646,2219.0
28.94888453355826,2216.0
28.965595802536875,2198.0
28.982307071515486,2145.0
28.999018340494104,2174.0
29.015729609472714,2127.0
29.03244087845133,2128.0
29.049152147429943,2153.0
29.065863416408554,2280.0
29.08257468538717,2147.0
29.099285954365783,2093.0
29.115997223344394,2208.0
29.13270849232301,2046.0
29.149419761301623,2103.0
29.166131030280237,2125.0
29.18284229925885,2113.0
29.199553568237462,2187.0
29.216264837216077,2130.0
29.23297610619469,2148.0
29.249687375173306,2133.0
29.26639864415192,2171.0
29.28310991313053,2261.0
29.299821182109145,2097.0
29.31653245108776,2070.0
29.33324372006637,2192.0
29.34995498904499,2084.0
29.3666662580236,2130.0
29.383377527002214,2107.0
29.400088795980828,2067.0
29.41680006495944,2095.0
29.433511333938053,2109.0
29.450222602916668,2036.0
29.46693387189528,2067.0
29.483645140873897,2050.0
29.500356409852508,2063.0
29.517067678831122,1961.0
29.533778947809736,2141.0
29.550490216788347,2023.0
29.567201485766965,2051.0
29.583912754745576,2100.0
29.60062402372419,2036.0
29.617335292702805,2020.0
29.634046561681416,2045.0
29.65075783066003,1948.0
29.667469099638645,2059.0
29.684180368617255,2087.0
29.700891637595873,2020.0
29.717602906574484,2043.0
29.7343141755531,2074.0
29.751025444531713,2121.0
29.767736713510324,2052.0
29.78444798248894,1958.0
29.801159251467553,2021.0
29.817870520446164,2002.0
29.83458178942478,2033.0
29.851293058403392,2071.0
29.868004327382007,2067.0
29.88471559636062,2028.0
29.901426865339232,1965.0
29.91813813431785,2072.0
29.93484940329646,2005.0
29.951560672275075,1986.0
29.96827194125369,2035.0
29.9849832102323,2059.0
30.001694479210915,2020.0
30.01840574818953,1948.0
30.03511701716814,2033.0
30.05182828614676,1950.0
30.06853955512537,2053.0
30.085250824103984,1955.0
30.101962093082598,1973.0
30.11867336206121,1976.0
30.135384631039823,2044.0
30.152095900018438,1990.0
30.16880716899705,1976.0
30.185518437975666,2030.0
30.202229706954277,1921.0
30.21894097593289,2054.0
30.235652244911506,1884.0
30.252363513890117,1968.0
30.269074782868735,1907.0
30.285786051847346,2074.0
30.30249732082596,2037.0
30.319208589804575,1994.0
30.335919858783186,1914.0
30.3526311277618,1965.0
30.369342396740414,1959.0
30.386053665719025,2059.0
30.402764934697643,1927.0
30.419476203676254,2045.0
30.43618747265487,1944.0
30.452898741633483,1962.0
30.469610010612094,2002.0
30.486321279590708,1960.0
30.503032548569323,1949.0
30.519743817547933,1894.0
30.53645508652655,1879.0
30.553166355505162,1981.0
30.569877624483777,2017.0
30.58658889346239,1909.0
30.603300162441002,1890.0
30.62001143141962,1940.0
30.63672270039823,1938.0
30.653433969376845,1834.0
30.67014523835546,1931.0
30.68685650733407,1926.0
30.703567776312685,1942.0
30.7202790452913,1934.0
30.73699031426991,1859.0
30.753701583248528,1839.0
30.77041285222714,1851.0
30.787124121205753,1918.0
30.803835390184368,1895.0
30.82054665916298,1962.0
30.837257928141593,1851.0
30.853969197120207,1933.0
30.870680466098822,1893.0
30.887391735077436,1942.0
30.904103004056047,1859.0
30.92081427303466,1903.0
30.937525542013276,1791.0
30.954236810991887,1868.0
30.970948079970505,1856.0
30.987659348949116,1891.0
31.00437061792773,1874.0
31.021081886906344,1924.0
31.037793155884955,1954.0
31.05450442486357,1861.0
31.071215693842184,1988.0
31.087926962820795,1886.0
31.104638231799413,1876.0
31.121349500778024,1814.0
31.13806076975664,1899.0
31.154772038735253,1917.0
31.171483307713864,1870.0
31.188194576692478,1854.0
31.204905845671092,1845.0
31.221617114649707,1816.0
31.23832838362832,1868.0
31.255039652606932,1882.0
31.271750921585546,1923.0
31.28846219056416,1906.0
31.30517345954277,1825.0
31.32188472852139,1787.0
31.3385959975,1951.0
31.355307266478615,1828.0
31.37201853545723,1857.0
31.38872980443584,1847.0
31.405441073414455,1763.0
31.42215234239307,1911.0
31.43886361137168,1844.0
31.455574880350298,1714.0
31.47228614932891,1875.0
31.488997418307523,1903.0
31.505708687286138,1876.0
31.52241995626475,1789.0
31.539131225243366,1828.0
31.555842494221977,1754.0
31.57255376320059,1832.0
31.589265032179206,1787.0
31.605976301157817,1812.0
31.62268757013643,1787.0
31.639398839115046,1856.0
31.656110108093657,1809.0
31.672821377072275,1798.0
31.689532646050885,1810.0
31.7062439150295,1847.0
31.722955184008114,1828.0
31.739666452986725,1827.0
31.75637772196534,1847.0
31.773088990943954,1763.0
31.789800259922565,1903.0
31.806511528901183,1852.0
31.823222797879794,1857.0
31.839934066858408,1840.0
31.856645335837023,1832.0
31.873356604815633,1687.0
31.89006787379425,1782.0
31.906779142772862,1732.0
31.923490411751477,1830.0
31.94020168073009,1772.0
31.956912949708702,1792.0
31.973624218687316,1780.0
31.99033548766593,1788.0
32.00704675664454,1804.0
32.02375802562316,1764.0
32.04046929460177,1752.0
32.05718056358039,1797.0
32.073891832559,1809.0
32.09060310153761,1788.0
32.10731437051622,1803.0
32.12402563949484,1763.0
32.14073690847345,1683.0
32.15744817745207,1731.0
32.17415944643068,1798.0
32.19087071540929,1730.0
32.20758198438791,1738.0
32.22429325336652,1736.0
32.241004522345136,1844.0
32.25771579132375,1757.0
32.27442706030236,1722.0
32.291138329280976,1766.0
32.30784959825959,1738.0
32.324560867238205,1714.0
32.341272136216816,1711.0
32.35798340519543,1667.0
32.374694674174044,1803.0
32.391405943152655,1765.0
32.40811721213127,1804.0
32.424828481109884,1774.0
32.441539750088495,1848.0
32.458251019067106,1744.0
32.474962288045724,1682.0
32.491673557024335,1671.0
32.50838482600295,1683.0
32.52509609498156,1782.0
32.541807363960174,1716.0
32.55851863293879,1744.0
32.5752299019174,1695.0
32.59194117089602,1698.0
32.60865243987463,1736.0
32.62536370885324,1784.0
32.64207497783186,1740.0
32.65878624681047,1796.0
32.67549751578909,1663.0
32.6922087847677,1800.0
32.70892005374631,1795.0
32.72563132272493,1703.0
32.74234259170354,1700.0
32.75905386068216,1647.0
32.77576512966077,1734.0
32.79247639863938,1710.0
32.80918766761799,1681.0
32.82589893659661,1757.0
32.84261020557523,1763.0
32.85932147455384,1802.0
32.87603274353245,1682.0
32.89274401251106,1749.0
32.90945528148968,1718.0
32.92616655046829,1720.0
32.942877819446906,1724.0
32.95958908842552,1685.0
32.97630035740413,1741.0
32.993011626382746,1721.0
33.00972289536136,1609.0
33.026434164339975,1693.0
33.043145433318585,1722.0
33.059856702297196,1719.0
33.076567971275814,1723.0
33.093279240254425,1692.0
33.10999050923304,1669.0
33.126701778211654,1684.0
33.143413047190265,1681.0
33.160124316168876,1715.0
33.176835585147494,1583.0
33.19354685412611,1682.0
33.21025812310472,1697.0
33.22696939208333,1684.0
33.243680661061944,1741.0
33.26039193004056,1746.0
33.27710319901917,1688.0
33.29381446799779,1682.0
33.3105257369764,1645.0
33.32723700595501,1641.0
33.34394827493363,1764.0
33.36065954391224,1683.0
33.37737081289086,1673.0
33.39408208186947,1671.0
33.41079335084808,1640.0
33.4275046198267,1671.0
33.44421588880531,1669.0
33.46092715778393,1677.0
33.47763842676254,1683.0
33.49434969574115,1684.0
33.51106096471977,1717.0
33.52777223369838,1658.0
33.544483502677,1721.0
33.56119477165561,1729.0
33.57790604063422,1673.0
33.59461730961283,1677.0
33.61132857859145,1720.0
33.62803984757006,1684.0
33.644751116548676,1662.0
33.66146238552729,1709.0
33.6781736545059,1739.0
33.694884923484516,1673.0
33.711596192463126,1626.0
33.728307461441744,1678.0
33.745018730420355,1705.0
33.761729999398966,1632.0
33.778441268377584,1662.0
33.795152537356195,1718.0
33.81186380633481,1650.0
33.828575075313424,1684.0
33.845286344292035,1734.0
33.86199761327065,1744.0
33.87870888224926,1672.0
33.89542015122788,1737.0
33.91213142020649,1783.0
33.9288426891851,1737.0
33.945553958163714,1721.0
33.96226522714233,1744.0
33.97897649612094,1776.0
33.99568776509956,1656.0
34.01239903407817,1765.0
34.02911030305678,1685.0
34.0458215720354,1716.0
34.06253284101401,1751.0
34.07924410999263,1765.0
34.09595537897124,1761.0
34.11266664794985,1776.0
34.12937791692847,1728.0
34.14608918590708,1700.0
34.1628004548857,1683.0
34.17951172386431,1724.0
34.19622299284292,1651.0
34.21293426182154,1667.0
34.22964553080015,1776.0
34.246356799778766,1711.0
34.26306806875738,1718.0
34.27977933773599,1669.0
34.2964906067146,1654.0
34.31320187569322,1686.0
34.32991314467183,1751.0
34.346624413650446,1657.0
34.36333568262906,1698.0
34.38004695160767,1663.0
34.396758220586285,1681.0
34.413469489564896,1694.0
34.430180758543514,1638.0
34.446892027522125,1684.0
34.463603296500736,1667.0
34.480314565479354,1615.0
34.497025834457965,1661.0
34.51373710343658,1702.0
34.530448372415194,1630.0
34.547159641393804,1652.0
34.56387091037242,1674.0
34.58058217935103,1617.0
34.59729344832965,1664.0
34.61400471730826,1591.0
34.63071598628687,1687.0
34.647427255265484,1650.0
34.6641385242441,1695.0
34.68084979322271,1704.0
34.69756106220133,1773.0
34.71427233117994,1804.0
34.73098360015855,1882.0
34.74769486913717,1993.0
34.76440613811578,2018.0
34.7811174070944,2022.0
34.79782867607301,1899.0
34.81453994505162,1904.0
34.83125121403024,1985.0
34.84796248300885,2016.0
34.86467375198747,1944.0
34.88138502096608,1861.0
34.89809628994469,1828.0
34.91480755892331,1802.0
34.93151882790192,1793.0
34.948230096880536,1629.0
34.96494136585915,1717.0
34.98165263483776,1729.0
34.99836390381637,1533.0
35.01507517279499,1650.0
35.0317864417736,1686.0
35.048497710752216,1590.0
35.065208979730826,1658.0
35.08192024870944,1607.0
35.098631517688055,1598.0
35.115342786666666,1666.0
35.132054055645284,1579.0
35.148765324623895,1546.0
35.165476593602506,1613.0
35.182187862581124,1630.0
35.198899131559735,1637.0
35.21561040053835,1593.0
35.23232166951696,1553.0
35.249032938495574,1628.0
35.26574420747419,1610.0
35.2824554764528,1590.0
35.29916674543142,1604.0
35.31587801441003,1598.0
35.33258928338864,1557.0
35.349300552367254,1530.0
35.36601182134587,1565.0
35.38272309032448,1601.0
35.3994343593031,1635.0
35.41614562828171,1564.0
35.43285689726032,1527.0
35.44956816623894,1558.0
35.46627943521755,1549.0
35.48299070419617,1598.0
35.49970197317478,1593.0
35.51641324215339,1507.0
35.53312451113201,1604.0
35.54983578011062,1563.0
35.56654704908924,1534.0
35.58325831806785,1560.0
35.59996958704646,1583.0
35.61668085602508,1630.0
35.63339212500369,1582.0
35.650103393982306,1609.0
35.66681466296092,1624.0
35.68352593193953,1571.0
35.70023720091814,1559.0
35.71694846989676,1620.0
35.73365973887537,1522.0
35.750371007853985,1580.0
35.767082276832596,1599.0
35.78379354581121,1640.0
35.800504814789825,1533.0
35.817216083768436,1516.0
35.833927352747054,1652.0
35.850638621725665,1525.0
35.867349890704276,1584.0
35.884061159682894,1549.0
35.900772428661504,1497.0
35.91748369764012,1620.0
35.93419496661873,1547.0
35.950906235597344,1478.0
35.96761750457596,1522.0
35.98432877355457,1510.0
36.00104004253319,1561.0
36.0177513115118,1566.0
36.03446258049041,1517.0
36.05117384946902,1443.0
36.06788511844764,1563.0
36.08459638742626,1543.0
36.10130765640487,1487.0
36.11801892538348,1514.0
36.13473019436209,1512.0
36.15144146334071,1455.0
36.16815273231933,1506.0
36.18486400129794,1545.0
36.20157527027655,1569.0
36.21828653925516,1491.0
36.23499780823378,1527.0
36.25170907721239,1491.0
36.26842034619101,1551.0
36.28513161516962,1528.0
36.30184288414823,1573.0
36.31855415312684,1525.0
36.33526542210546,1556.0
36.351976691084076,1514.0
36.36868796006269,1498.0
36.3853992290413,1547.0
36.40211049801991,1473.0
36.418821766998526,1502.0
36.435533035977144,1489.0
36.452244304955755,1488.0
36.468955573934366,1522.0
36.48566684291298,1481.0
36.502378111891595,1601.0
36.51908938087021,1540.0
36.535800649848824,1506.0
36.552511918827435,1477.0
36.569223187806045,1474.0
36.58593445678466,1585.0
36.602645725763274,1575.0
36.61935699474189,1561.0
36.6360682637205,1487.0
36.652779532699114,1505.0
36.669490801677725,1543.0
36.68620207065634,1498.0
36.70291333963496,1559.0
36.71962460861357,1520.0
36.73633587759218,1506.0
36.75304714657079,1517.0
36.76975841554941,1534.0
36.78646968452803,1599.0
36.80318095350664,1620.0
36.81989222248525,1554.0
36.83660349146386,1551.0
36.85331476044248,1561.0
36.8700260294211,1650.0
36.88673729839971,1625.0
36.90344856737832,1614.0
36.92015983635693,1636.0
36.93687110533555,1601.0
36.95358237431416,1562.0
36.97029364329278,1642.0
36.98700491227139,1614.0
37.00371618125,1577.0
37.02042745022861,1617.0
37.03713871920723,1661.0
37.053849988185846,1594.0
37.07056125716446,1654.0
37.08727252614307,1678.0
37.10398379512168,1595.0
37.120695064100296,1578.0
37.137406333078914,1648.0
37.154117602057525,1617.0
37.170828871036136,1577.0
37.18754014001475,1581.0
37.204251408993365,1585.0
37.22096267797198,1603.0
37.23767394695059,1660.0
37.254385215929204,1608.0
37.271096484907815,1645.0
37.28780775388643,1550.0
37.304519022865044,1531.0
37.32123029184366,1571.0
37.33794156082227,1535.0
37.354652829800884,1535.0
37.371364098779495,1604.0
37.38807536775811,1563.0
37.40478663673673,1650.0
37.42149790571534,1587.0
37.43820917469395,1617.0
37.45492044367256,1578.0
37.47163171265118,1552.0
37.4883429816298,1535.0
37.50505425060841,1538.0
37.52176551958702,1564.0
37.53847678856563,1516.0
37.55518805754425,1609.0
37.57189932652287,1512.0
37.58861059550148,1550.0
37.60532186448009,1541.0
37.6220331334587,1533.0
37.63874440243732,1510.0
37.65545567141593,1511.0
37.67216694039455,1494.0
37.68887820937316,1504.0
37.70558947835177,1511.0
37.72230074733038,1478.0
37.739012016309,1491.0
37.755723285287615,1560.0
37.772434554266226,1453.0
37.78914582324484,1495.0
37.80585709222345,1487.0
37.822568361202066,1481.0
37.839279630180684,1442.0
37.855990899159295,1451.0
37.872702168137906,1470.0
37.88941343711652,1488.0
37.906124706095135,1505.0
37.92283597507375,1352.0
37.93954724405236,1423.0
37.956258513030974,1388.0
37.972969782009585,1468.0
37.9896810509882,1536.0
38.006392319966814,1495.0
38.02310358894543,1389.0
38.03981485792404,1556.0
38.056526126902654,1466.0
38.073237395881264,1436.0
38.08994866485988,1470.0
38.1066599338385,1449.0
38.12337120281711,1423.0
38.14008247179572,1422.0
38.15679374077433,1409.0
38.17350500975295,1430.0
38.19021627873157,1576.0
38.20692754771018,1464.0
38.22363881668879,1473.0
38.2403500856674,1430.0
38.25706135464602,1461.0
38.27377262362464,1466.0
38.29048389260325,1466.0
38.30719516158186,1432.0
38.32390643056047,1416.0
38.34061769953909,1532.0
38.3573289685177,1404.0
38.37404023749632,1468.0
38.39075150647493,1386.0
38.40746277545354,1464.0
38.42417404443215,1461.0
38.44088531341077,1462.0
38.457596582389385,1428.0
38.474307851367996,1450.0
38.49101912034661,1475.0
38.50773038932522,1504.0
38.524441658303836,1453.0
38.541152927282454,1439.0
38.557864196261065,1480.0
38.574575465239676,1522.0
38.591286734218286,1550.0
38.607998003196904,1519.0
38.62470927217552,1474.0
38.64142054115413,1435.0
38.658131810132744,1517.0
38.674843079111355,1507.0
38.69155434808997,1514.0
38.708265617068584,1448.0
38.7249768860472,1494.0
38.74168815502581,1498.0
38.75839942400442,1525.0
38.77511069298304,1483.0
38.79182196196165,1441.0
38.80853323094027,1493.0
38.82524449991888,1392.0
38.84195576889749,1387.0
38.8586670378761,1434.0
38.87537830685472,1559.0
38.89208957583334,1400.0
38.90880084481195,1385.0
38.92551211379056,1453.0
38.94222338276917,1451.0
38.95893465174779,1518.0
38.97564592072641,1443.0
38.99235718970502,1351.0
39.00906845868363,1396.0
39.02577972766224,1418.0
39.04249099664086,1406.0
39.05920226561947,1453.0
39.07591353459809,1416.0
39.0926248035767,1383.0
39.10933607255531,1453.0
39.126047341533926,1479.0
39.14275861051254,1443.0
39.159469879491155,1462.0
39.176181148469766,1507.0
39.19289241744838,1488.0
39.20960368642699,1438.0
39.226314955405606,1343.0
39.243026224384224,1373.0
39.259737493362834,1346.0
39.276448762341445,1437.0
39.293160031320056,1402.0
39.309871300298674,1470.0
39.32658256927729,1442.0
39.3432938382559,1400.0
39.360005107234514,1378.0
39.376716376213125,1419.0
39.39342764519174,1357.0
39.41013891417035,1447.0
39.42685018314897,1363.0
39.44356145212758,1405.0
39.46027272110619,1435.0
39.47698399008481,1457.0
39.49369525906342,1375.0
39.51040652804204,1343.0
39.52711779702065,1456.0
39.54382906599926,1484.0
39.56054033497787,1431.0
39.57725160395649,1466.0
39.59396287293511,1386.0
39.61067414191372,1475.0
39.62738541089233,1423.0
39.64409667987094,1383.0
39.66080794884956,1462.0
39.67751921782818,1369.0
39.69423048680679,1417.0
39.7109417557854,1403.0
39.72765302476401,1457.0
39.74436429374263,1417.0
39.761075562721246,1449.0
39.777786831699856,1454.0
39.79449810067847,1439.0
39.81120936965708,1408.0
39.827920638635696,1342.0
39.84463190761431,1456.0
39.861343176592925,1470.0
39.878054445571536,1495.0
39.89476571455015,1486.0
39.91147698352876,1540.0
39.928188252507375,1443.0
39.94489952148599,1583.0
39.961610790464604,1572.0
39.978322059443215,1545.0
39.995033328421826,1676.0
40.011744597400444,1645.0
40.02845586637906,1595.0
40.04516713535767,1550.0
40.061878404336284,1478.0
40.078589673314895,1472.0
40.09530094229351,1447.0
40.11201221127213,1518.0
40.12872348025074,1458.0
40.14543474922935,1481.0
40.16214601820796,1383.0
40.17885728718658,1439.0
40.19556855616519,1426.0
40.21227982514381,1403.0
40.22899109412242,1386.0
40.24570236310103,1338.0
40.26241363207964,1391.0
40.27912490105826,1411.0
40.29583617003688,1406.0
40.31254743901549,1327.0
40.3292587079941,1381.0
40.34596997697271,1405.0
40.36268124595133,1419.0
40.37939251492995,1309.0
40.39610378390856,1358.0
40.41281505288717,1418.0
40.42952632186578,1351.0
40.4462375908444,1473.0
40.462948859823015,1381.0
40.479660128801626,1394.0
40.49637139778024,1367.0
40.51308266675885,1391.0
40.529793935737466,1433.0
40.54650520471608,1365.0
40.563216473694695,1405.0
40.579927742673306,1320.0
40.59663901165192,1368.0
40.61335028063053,1359.0
40.630061549609145,1427.0
40.64677281858776,1410.0
40.663484087566374,1466.0
40.680195356544985,1472.0
40.696906625523596,1397.0
40.713617894502214,1449.0
40.73032916348083,1327.0
40.74704043245944,1436.0
40.76375170143805,1387.0
40.780462970416664,1297.0
40.79717423939528,1430.0
40.8138855083739,1425.0
40.83059677735251,1392.0
40.84730804633112,1406.0
40.86401931530973,1378.0
40.88073058428835,1427.0
40.89744185326696,1393.0
40.91415312224558,1388.0
40.93086439122419,1426.0
40.9475756602028,1406.0
40.96428692918141,1394.0
40.98099819816003,1377.0
40.99770946713865,1354.0
41.01442073611726,1410.0
41.03113200509587,1469.0
41.04784327407448,1416.0
41.0645545430531,1408.0
41.08126581203172,1473.0
41.09797708101033,1420.0
41.11468834998894,1423.0
41.13139961896755,1441.0
41.14811088794617,1381.0
41.164822156924785,1448.0
41.181533425903396,1436.0
41.19824469488201,1402.0
41.21495596386062,1425.0
41.231667232839236,1403.0
41.24837850181785,1355.0
41.265089770796465,1456.0
41.281801039775075,1345.0
41.298512308753686,1304.0
41.3152235777323,1401.0
41.331934846710915,1422.0
41.34864611568953,1461.0
41.365357384668144,1459.0
41.382068653646755,1441.0
41.398779922625366,1471.0
41.415491191603984,1443.0
41.4322024605826,1501.0
41.44891372956121,1467.0
41.46562499853982,1500.0
41.482336267518434,1497.0
41.49904753649705,1496.0
41.51575880547567,1526.0
41.53247007445428,1466.0
41.54918134343289,1470.0
41.5658926124115,1465.0
41.58260388139012,1425.0
41.59931515036873,1454.0
41.61602641934735,1410.0
41.63273768832596,1427.0
41.64944895730457,1525.0
41.66616022628318,1455.0
41.6828714952618,1527.0
41.69958276424042,1457.0
41.71629403321903,1496.0
41.73300530219764,1452.0
41.74971657117625,1426.0
41.76642784015487,1396.0
41.78313910913349,1384.0
41.7998503781121,1418.0
41.81656164709071,1432.0
41.83327291606932,1412.0
41.84998418504794,1409.0
41.866695454026555,1448.0
41.883406723005166,1449.0
41.90011799198378,1369.0
41.91682926096239,1359.0
41.933540529941006,1466.0
41.950251798919616,1466.0
41.966963067898234,1347.0
41.983674336876845,1393.0
42.000385605855456,1418.0
42.01709687483407,1397.0
42.033808143812685,1410.0
42.0505194127913,1401.0
42.067230681769914,1365.0
42.083941950748525,1396.0
42.100653219727135,1354.0
42.11736448870575,1345.0
42.13407575768437,1405.0
42.15078702666298,1270.0
42.16749829564159,1341.0
42.184209564620204,1339.0
42.20092083359882,1367.0
42.21763210257744,1345.0
42.23434337155605,1354.0
42.25105464053466,1318.0
42.26776590951327,1318.0
42.28447717849189,1345.0
42.3011884474705,1311.0
42.31789971644912,1448.0
42.33461098542773,1326.0
42.35132225440634,1338.0
42.36803352338495,1426.0
42.38474479236357,1360.0
42.40145606134219,1370.0
42.4181673303208,1368.0
42.43487859929941,1377.0
42.45158986827802,1351.0
42.46830113725664,1378.0
42.485012406235256,1301.0
42.50172367521387,1320.0
42.51843494419248,1385.0
42.53514621317109,1308.0
42.55185748214971,1423.0
42.568568751128325,1396.0
42.585280020106936,1357.0
42.60199128908555,1370.0
42.61870255806416,1390.0
42.635413827042775,1387.0
42.652125096021386,1354.0
42.668836365000004,1289.0
42.685547633978615,1362.0
42.702258902957226,1342.0
42.718970171935844,1405.0
42.735681440914455,1375.0
42.75239270989307,1352.0
42.769103978871684,1394.0
42.785815247850294,1333.0
42.802526516828905,1342.0
42.81923778580752,1317.0
42.83594905478614,1336.0
42.85266032376475,1312.0
42.86937159274336,1310.0
42.886082861721974,1321.0
42.90279413070059,1306.0
42.91950539967921,1274.0
42.93621666865782,1341.0
42.95292793763643,1344.0
42.96963920661504,1279.0
42.98635047559366,1405.0
43.00306174457227,1342.0
43.01977301355089,1358.0
43.0364842825295,1309.0
43.05319555150811,1281.0
43.06990682048673,1361.0
43.08661808946534,1329.0
43.10332935844396,1345.0
43.12004062742257,1332.0
43.13675189640118,1351.0
43.15346316537979,1330.0
43.17017443435841,1351.0
43.186885703337026,1351.0
43.20359697231564,1257.0
43.22030824129425,1337.0
43.23701951027286,1324.0
43.25373077925148,1346.0
43.270442048230095,1338.0
43.287153317208706,1321.0
43.303864586187316,1408.0
43.32057585516593,1364.0
43.337287124144545,1373.0
43.353998393123156,1395.0
43.370709662101774,1388.0
43.387420931080385,1437.0
43.404132200058996,1331.0
43.420843469037614,1315.0
43.437554738016225,1399.0
43.45426600699484,1418.0
43.47097727597345,1427.0
43.487688544952064,1383.0
43.504399813930675,1373.0
43.52111108290929,1372.0
43.53782235188791,1400.0
43.55453362086652,1347.0
43.57124488984513,1394.0
43.587956158823744,1362.0
43.60466742780236,1341.0
43.62137869678098,1356.0
43.63808996575959,1381.0
43.6548012347382,1332.0
43.67151250371681,1299.0
43.68822377269543,1299.0
43.70493504167405,1372.0
43.72164631065266,1306.0
43.73835757963127,1361.0
43.75506884860988,1392.0
43.7717801175885,1258.0
43.78849138656711,1374.0
43.80520265554573,1360.0
43.82191392452434,1318.0
43.83862519350295,1349.0
43.85533646248156,1329.0
43.87204773146018,1324.0
43.888759000438796,1334.0
43.90547026941741,1370.0
43.92218153839602,1304.0
43.93889280737463,1314.0
43.95560407635325,1338.0
43.972315345331864,1355.0
43.989026614310475,1322.0
44.005737883289086,1409.0
44.0224491522677,1312.0
44.039160421246315,1336.0
44.05587169022493,1408.0
44.072582959203544,1318.0
44.089294228182155,1325.0
44.106005497160766,1359.0
44.12271676613938,1341.0
44.139428035117994,1367.0
44.15613930409661,1383.0
44.17285057307522,1447.0
44.189561842053834,1243.0
44.206273111032445,1324.0
44.22298438001106,1326.0
44.23969564898968,1315.0
44.25640691796829,1370.0
44.2731181869469,1274.0
44.28982945592551,1389.0
44.30654072490413,1293.0
44.32325199388275,1327.0
44.33996326286136,1361.0
44.35667453183997,1334.0
44.37338580081858,1314.0
44.3900970697972,1388.0
44.40680833877582,1411.0
44.42351960775443,1363.0
44.44023087673304,1370.0
44.45694214571165,1333.0
44.47365341469027,1359.0
44.49036468366888,1330.0
44.5070759526475,1359.0
44.52378722162611,1306.0
44.54049849060472,1407.0
44.55720975958333,1391.0
44.57392102856195,1437.0
44.590632297540566,1378.0
44.60734356651918,1377.0
44.62405483549779,1345.0
44.6407661044764,1440.0
44.657477373455016,1333.0
44.674188642433634,1333.0
44.690899911412245,1368.0
44.707611180390856,1261.0
44.72432244936947,1430.0
44.741033718348085,1307.0
44.7577449873267,1281.0
44.774456256305314,1340.0
44.791167525283925,1385.0
44.807878794262535,1376.0
44.82459006324115,1327.0
44.841301332219764,1331.0
44.85801260119838,1299.0
44.87472387017699,1337.0
44.891435139155604,1329.0
44.908146408134215,1356.0
44.92485767711283,1363.0
44.94156894609145,1324.0
44.95828021507006,1289.0
44.97499148404867,1338.0
44.99170275302728,1309.0
45.0084140220059,1357.0
45.02512529098452,1327.0
45.04183655996313,1310.0
45.05854782894174,1322.0
45.07525909792035,1315.0
45.09197036689897,1331.0
45.10868163587759,1293.0
45.1253929048562,1258.0
45.14210417383481,1331.0
45.15881544281342,1419.0
45.17552671179204,1304.0
45.19223798077065,1331.0
45.20894924974927,1254.0
45.22566051872788,1283.0
45.24237178770649,1323.0
45.2590830566851,1275.0
45.27579432566372,1275.0
45.292505594642336,1342.0
45.30921686362095,1355.0
45.32592813259956,1255.0
45.34263940157817,1245.0
45.359350670556786,1278.0
45.376061939535404,1312.0
45.392773208514015,1325.0
45.409484477492626,1289.0
45.42619574647124,1290.0
45.442907015449855,1265.0
45.45961828442847,1239.0
45.47632955340708,1305.0
45.493040822385694,1325.0
45.509752091364305,1244.0
45.52646336034292,1359.0
45.543174629321534,1355.0
45.55988589830015,1276.0
45.57659716727876,1267.0
45.593308436257374,1313.0
45.610019705235985,1306.0
45.6267309742146,1279.0
45.64344224319322,1263.0
45.66015351217183,1275.0
45.67686478115044,1232.0
45.69357605012905,1322.0
45.71028731910767,1285.0
45.72699858808629,1270.0
45.7437098570649,1266.0
45.76042112604351,1290.0
45.77713239502212,1276.0
45.79384366400074,1293.0
45.81055493297936,1291.0
45.82726620195797,1251.0
45.84397747093658,1273.0
45.86068873991519,1311.0
45.87740000889381,1291.0
45.89411127787242,1321.0
45.91082254685104,1316.0
45.92753381582965,1282.0
45.94424508480826,1242.0
45.96095635378687,1206.0
45.97766762276549,1242.0
45.994378891744105,1248.0
46.011090160722716,1276.0
46.02780142970133,1298.0
46.04451269867994,1298.0
46.061223967658556,1299.0
46.077935236637174,1229.0
46.094646505615785,1232.0
46.111357774594396,1297.0
46.12806904357301,1302.0
46.144780312551624,1302.0
46.16149158153024,1279.0
46.17820285050885,1261.0
46.194914119487464,1251.0
46.211625388466075,1213.0
46.22833665744469,1191.0
46.245047926423304,1347.0
46.26175919540192,1273.0
46.27847046438053,1258.0
46.29518173335914,1210.0
46.311893002337754,1301.0
46.32860427131637,1315.0
46.34531554029499,1229.0
46.3620268092736,1249.0
46.37873807825221,1304.0
46.39544934723082,1230.0
46.41216061620944,1273.0
46.42887188518806,1277.0
46.44558315416667,1258.0
46.46229442314528,1326.0
46.47900569212389,1273.0
46.49571696110251,1233.0
46.51242823008113,1279.0
46.52913949905974,1269.0
46.54585076803835,1258.0
46.56256203701696,1202.0
46.57927330599558,1283.0
46.59598457497419,1263.0
46.61269584395281,1228.0
46.62940711293142,1207.0
46.64611838191003,1258.0
46.66282965088864,1298.0
46.67954091986726,1251.0
46.696252188845875,1261.0
46.712963457824486,1254.0
46.7296747268031,1294.0
46.74638599578171,1278.0
46.763097264760326,1294.0
46.779808533738944,1251.0
46.796519802717555,1274.0
46.813231071696165,1219.0
46.829942340674776,1248.0
46.846653609653394,1317.0
46.86336487863201,1241.0
46.88007614761062,1284.0
46.896787416589234,1219.0
46.913498685567845,1255.0
46.93020995454646,1282.0
46.946921223525074,1237.0
46.96363249250369,1296.0
46.9803437614823,1276.0
46.99705503046091,1231.0
47.01376629943953,1266.0
47.03047756841814,1226.0
47.04718883739676,1187.0
47.06390010637537,1266.0
47.08061137535398,1229.0
47.09732264433259,1211.0
47.11403391331121,1261.0
47.13074518228983,1278.0
47.14745645126844,1277.0
47.16416772024705,1278.0
47.18087898922566,1308.0
47.19759025820428,1257.0
47.2143015271829,1249.0
47.23101279616151,1206.0
47.24772406514012,1246.0
47.26443533411873,1261.0
47.28114660309735,1200.0
47.29785787207596,1268.0
47.31456914105458,1294.0
47.33128041003319,1270.0
47.3479916790118,1310.0
47.364702947990416,1207.0
47.38141421696903,1249.0
47.398125485947645,1227.0
47.414836754926256,1201.0
47.43154802390487,1224.0
47.44825929288348,1241.0
47.464970561862096,1263.0
47.481681830840714,1320.0
47.498393099819324,1212.0
47.515104368797935,1231.0
47.531815637776546,1283.0
47.548526906755164,1201.0
47.56523817573378,1210.0
47.58194944471239,1261.0
47.598660713691004,1243.0
47.615371982669615,1273.0
47.63208325164823,1224.0
47.64879452062684,1242.0
47.66550578960546,1215.0
47.68221705858407,1224.0
47.69892832756268,1264.0
47.7156395965413,1217.0
47.73235086551991,1227.0
47.74906213449853,1289.0
47.76577340347714,1182.0
47.78248467245575,1219.0
47.79919594143436,1278.0
47.81590721041298,1229.0
47.8326184793916,1309.0
47.84932974837021,1296.0
47.86604101734882,1294.0
47.88275228632743,1221.0
47.89946355530605,1229.0
47.91617482428467,1159.0
47.93288609326328,1219.0
47.94959736224189,1287.0
47.9663086312205,1261.0
47.98301990019912,1230.0
47.999731169177736,1188.0
48.016442438156346,1232.0
48.03315370713496,1250.0
48.04986497611357,1258.0
48.066576245092186,1168.0
48.0832875140708,1238.0
48.099998783049415,1269.0
48.116710052028026,1279.0
48.13342132100664,1229.0
48.15013258998525,1213.0
48.166843858963865,1183.0
48.18355512794248,1242.0
48.200266396921094,1235.0
48.216977665899705,1278.0
48.233688934878316,1227.0
48.250400203856934,1205.0
48.26711147283555,1264.0
48.28382274181416,1265.0
48.300534010792774,1238.0
48.317245279771385,1227.0
48.33395654875,1269.0
48.35066781772862,1248.0
48.36737908670723,1281.0
48.38409035568584,1273.0
48.40080162466445,1220.0
48.41751289364307,1229.0
48.43422416262168,1201.0
48.4509354316003,1270.0
48.46764670057891,1280.0
48.48435796955752,1267.0
48.50106923853613,1297.0
48.51778050751475,1267.0
48.53449177649337,1249.0
48.55120304547198,1244.0
48.56791431445059,1235.0
48.5846255834292,1295.0
48.60133685240782,1250.0
48.61804812138644,1282.0
48.63475939036505,1248.0
48.65147065934366,1247.0
48.66818192832227,1273.0
48.68489319730089,1290.0
48.701604466279505,1331.0
48.718315735258116,1324.0
48.73502700423673,1271.0
48.75173827321534,1332.0
48.768449542193956,1301.0
48.78516081117257,1362.0
48.801872080151185,1295.0
48.818583349129796,1310.0
48.835294618108406,1292.0
48.85200588708702,1318.0
48.868717156065635,1354.0
48.88542842504425,1397.0
48.902139694022864,1344.0
48.918850963001475,1351.0
48.935562231980086,1314.0
48.952273500958704,1385.0
48.96898476993732,1401.0
48.98569603891593,1333.0
49.00240730789454,1309.0
49.019118576873154,1341.0
49.03582984585177,1453.0
49.05254111483039,1399.0
49.069252383809,1405.0
49.08596365278761,1356.0
49.10267492176622,1327.0
49.11938619074484,1358.0
49.13609745972345,1383.0
49.15280872870207,1349.0
49.16951999768068,1290.0
49.18623126665929,1412.0
49.2029425356379,1457.0
49.21965380461652,1375.0
49.23636507359514,1452.0
49.25307634257375,1358.0
49.26978761155236,1368.0
49.28649888053097,1420.0
49.30321014950959,1420.0
49.31992141848821,1436.0
49.33663268746682,1368.0
49.35334395644543,1385.0
49.37005522542404,1432.0
49.38676649440266,1426.0
49.403477763381275,1385.0
49.420189032359886,1389.0
49.4369003013385,1451.0
49.45361157031711,1405.0
49.470322839295726,1447.0
49.48703410827434,1387.0
49.503745377252955,1442.0
49.520456646231565,1393.0
49.537167915210176,1428.0
49.55387918418879,1348.0
49.570590453167405,1411.0
49.58730172214602,1425.0
49.604012991124634,1373.0
49.620724260103245,1488.0
49.637435529081856,1427.0
49.654146798060474,1406.0
49.67085806703909,1358.0
49.6875693360177,1395.0
49.70428060499631,1390.0
49.720991873974924,1372.0
49.73770314295354,1286.0
49.75441441193216,1378.0
49.77112568091077,1410.0
49.78783694988938,1357.0
49.80454821886799,1300.0
49.82125948784661,1385.0
49.83797075682522,1360.0
49.85468202580384,1333.0
49.87139329478245,1339.0
49.88810456376106,1334.0
49.90481583273967,1324.0
49.92152710171829,1285.0
49.93823837069691,1351.0
49.95494963967552,1420.0
49.97166090865413,1365.0
49.98837217763274,1345.0
50.00508344661136,1339.0
50.02179471558998,1349.0
50.03850598456859,1292.0
50.0552172535472,1327.0
50.07192852252581,1347.0
50.08863979150443,1355.0
50.105351060483045,1386.0
50.122062329461656,1292.0
50.13877359844027,1387.0
50.15548486741888,1368.0
50.172196136397496,1431.0
50.188907405376106,1304.0
50.205618674354724,1304.0
50.222329943333335,1387.0
50.239041212311946,1321.0
50.25575248129056,1389.0
50.272463750269175,1333.0
50.28917501924779,1364.0
50.305886288226404,1339.0
50.322597557205015,1338.0
50.339308826183625,1421.0
50.35602009516224,1400.0
50.37273136414086,1389.0
50.38944263311947,1389.0
50.40615390209808,1278.0
50.422865171076694,1320.0
50.43957644005531,1346.0
50.45628770903393,1323.0
50.47299897801254,1344.0
50.48971024699115,1259.0
50.50642151596976,1357.0
50.52313278494838,1252.0
50.53984405392699,1326.0
50.55655532290561,1300.0
50.57326659188422,1255.0
50.58997786086283,1322.0
50.60668912984144,1278.0
50.62340039882006,1362.0
50.64011166779868,1268.0
50.65682293677729,1239.0
50.6735342057559,1355.0
50.69024547473451,1201.0
50.70695674371313,1232.0
50.723668012691746,1267.0
50.74037928167036,1266.0
50.75709055064897,1306.0
50.77380181962758,1280.0
50.7905130886062,1235.0
50.807224357584815,1258.0
50.823935626563426,1191.0
50.84064689554204,1260.0
50.85735816452065,1273.0
50.874069433499265,1299.0
50.890780702477876,1274.0
50.907491971456494,1277.0
50.924203240435105,1198.0
50.940914509413716,1254.0
50.957625778392334,1251.0
50.974337047370945,1237.0
50.99104831634956,1196.0
51.007759585328174,1206.0
51.024470854306784,1251.0
51.041182123285395,1210.0
51.05789339226401,1192.0
51.07460466124263,1197.0
51.09131593022124,1219.0
51.10802719919985,1279.0
51.124738468178464,1221.0
51.14144973715708,1270.0
51.1581610061357,1223.0
51.17487227511431,1187.0
51.19158354409292,1195.0
51.20829481307153,1220.0
51.22500608205015,1195.0
51.24171735102876,1220.0
51.25842862000738,1282.0
51.27513988898599,1259.0
51.2918511579646,1229.0
51.30856242694322,1244.0
51.32527369592183,1233.0
51.34198496490045,1231.0
51.35869623387906,1215.0
51.37540750285767,1204.0
51.39211877183628,1241.0
51.4088300408149,1207.0
51.425541309793516,1192.0
51.44225257877213,1191.0
51.45896384775074,1337.0
51.47567511672935,1241.0
51.49238638570797,1125.0
51.509097654686585,1254.0
51.525808923665195,1221.0
51.542520192643806,1205.0
51.55923146162242,1187.0
51.575942730601035,1236.0
51.592653999579646,1277.0
51.609365268558264,1164.0
51.626076537536875,1210.0
51.642787806515486,1241.0
51.659499075494104,1235.0
51.676210344472715,1203.0
51.69292161345133,1187.0
51.70963288242994,1196.0
51.726344151408554,1194.0
51.743055420387165,1244.0
51.75976668936578,1189.0
51.7764779583444,1192.0
51.79318922732301,1201.0
51.80990049630162,1244.0
51.826611765280234,1208.0
51.84332303425885,1251.0
51.86003430323747,1263.0
51.87674557221608,1228.0
51.89345684119469,1213.0
51.9101681101733,1199.0
51.92687937915192,1186.0
51.94359064813054,1222.0
51.96030191710915,1182.0
51.97701318608776,1175.0
51.99372445506637,1164.0
52.01043572404498,1195.0
52.02714699302361,1214.0
52.04385826200222,1214.0
52.06056953098083,1234.0
52.07728079995944,1197.0
52.09399206893805,1229.0
52.110703337916675,1179.0
52.127414606895286,1108.0
52.1441258758739,1175.0
52.16083714485251,1161.0
52.17754841383112,1195.0
52.19425968280973,1213.0
52.210970951788354,1170.0
52.227682220766965,1199.0
52.244393489745576,1206.0
52.26110475872419,1217.0
52.2778160277028,1202.0
52.29452729668142,1211.0
52.311238565660034,1194.0
52.327949834638645,1184.0
52.344661103617256,1171.0
52.361372372595866,1168.0
52.37808364157449,1168.0
52.3947949105531,1194.0
52.41150617953171,1219.0
52.428217448510324,1183.0
52.444928717488935,1227.0
52.46163998646756,1147.0
52.47835125544617,1165.0
52.49506252442478,1235.0
52.51177379340339,1166.0
52.528485062382,1129.0
52.545196331360614,1135.0
52.56190760033924,1199.0
52.57861886931785,1177.0
52.59533013829646,1200.0
52.61204140727507,1169.0
52.62875267625368,1232.0
52.64546394523231,1168.0
52.66217521421092,1151.0
52.67888648318953,1226.0
52.69559775216814,1186.0
52.71230902114675,1173.0
52.729020290125376,1201.0
52.74573155910399,1172.0
52.7624428280826,1217.0
52.77915409706121,1190.0
52.79586536603982,1168.0
52.812576635018445,1228.0
52.829287903997056,1211.0
52.84599917297567,1230.0
52.86271044195428,1276.0
52.87942171093289,1322.0
52.8961329799115,1347.0
52.912844248890124,1323.0
52.929555517868735,1556.0
52.946266786847346,1634.0
52.96297805582596,1575.0
52.97968932480457,1544.0
52.99640059378319,1565.0
53.013111862761804,1444.0
53.029823131740415,1342.0
53.046534400719025,1448.0
53.063245669697636,1414.0
53.07995693867626,1550.0
53.09666820765487,1487.0
53.11337947663348,1433.0
53.130090745612094,1481.0
53.146802014590705,1367.0
53.16351328356933,1305.0
53.18022455254794,1217.0
53.19693582152655,1284.0
53.21364709050516,1270.0
53.23035835948377,1261.0
53.2470696284624,1251.0
53.26378089744101,1192.0
53.28049216641962,1252.0
53.29720343539823,1216.0
53.31391470437684,1234.0
53.33062597335545,1245.0
53.34733724233408,1152.0
53.36404851131269,1182.0
53.3807597802913,1196.0
53.39747104926991,1211.0
53.41418231824852,1147.0
53.430893587227146,1278.0
53.44760485620576,1244.0
53.46431612518437,1176.0
53.48102739416298,1137.0
53.49773866314159,1135.0
53.514449932120215,1197.0
53.531161201098826,1180.0
53.547872470077436,1118.0
53.56458373905605,1189.0
53.58129500803466,1151.0
53.59800627701328,1211.0
53.614717545991894,1157.0
53.631428814970505,1127.0
53.648140083949116,1141.0
53.66485135292773,1133.0
53.68156262190634,1224.0
53.69827389088496,1127.0
53.71498515986357,1150.0
53.731696428842184,1174.0
53.748407697820795,1188.0
53.765118966799406,1187.0
53.78183023577803,1157.0
53.79854150475664,1113.0
53.81525277373525,1184.0
53.831964042713864,1172.0
53.848675311692475,1195.0
53.8653865806711,1211.0
53.88209784964971,1120.0
53.89880911862832,1170.0
53.91552038760693,1204.0
53.93223165658554,1094.0
53.94894292556417,1132.0
53.96565419454278,1150.0
53.98236546352139,1137.0
53.9990767325,1183.0
54.01578800147861,1151.0
54.03249927045722,1140.0
54.04921053943585,1172.0
54.06592180841446,1184.0
54.08263307739307,1184.0
54.09934434637168,1206.0
54.11605561535029,1160.0
54.132766884328916,1176.0
54.14947815330753,1154.0
54.16618942228614,1123.0
54.18290069126475,1120.0
54.19961196024336,1139.0
54.216323229221985,1190.0
54.233034498200595,1200.0
54.249745767179206,1139.0
54.26645703615782,1132.0
54.28316830513643,1186.0
54.29987957411505,1179.0
54.316590843093664,1217.0
54.333302112072275,1123.0
54.350013381050886,1195.0
54.3667246500295,1106.0
54.38343591900811,1126.0
54.40014718798673,1161.0
54.41685845696534,1141.0
54.433569725943954,1177.0
54.450280994922565,1145.0
54.466992263901176,1096.0
54.4837035328798,1172.0
54.50041480185841,1197.0
54.51712607083702,1187.0
54.53383733981563,1190.0
54.550548608794244,1125.0
54.56725987777287,1192.0
54.58397114675148,1148.0
54.60068241573009,1226.0
54.6173936847087,1198.0
54.63410495368731,1142.0
54.65081622266594,1157.0
54.66752749164455,1137.0
54.68423876062316,1192.0
54.70095002960177,1222.0
54.71766129858038,1170.0
54.73437256755899,1133.0
54.75108383653762,1168.0
54.76779510551623,1188.0
54.78450637449484,1185.0
54.80121764347345,1216.0
54.81792891245206,1189.0
54.834640181430686,1155.0
54.8513514504093,1215.0
54.86806271938791,1156.0
54.88477398836652,1156.0
54.90148525734513,1190.0
54.918196526323754,1245.0
54.934907795302365,1239.0
54.951619064280976,1257.0
54.96833033325959,1180.0
54.9850416022382,1126.0
55.00175287121682,1230.0
55.018464140195434,1206.0
55.035175409174045,1244.0
55.051886678152655,1244.0
55.068597947131266,1242.0
55.08530921610988,1219.0
55.1020204850885,1261.0
55.11873175406711,1257.0
55.135443023045724,1304.0
55.152154292024335,1276.0
55.168865561002946,1310.0
55.18557682998157,1192.0
55.20228809896018,1185.0
55.21899936793879,1294.0
55.2357106369174,1263.0
55.252421905896014,1310.0
55.26913317487464,1321.0
55.28584444385325,1306.0
55.30255571283186,1297.0
55.31926698181047,1259.0
55.33597825078908,1260.0
55.35268951976771,1224.0
55.36940078874632,1321.0
55.38611205772493,1349.0
55.40282332670354,1337.0
55.41953459568215,1317.0
55.43624586466076,1315.0
55.45295713363939,1338.0
55.469668402618,1324.0
55.48637967159661,1333.0
55.50309094057522,1431.0
55.51980220955383,1316.0
55.536513478532456,1360.0
55.55322474751107,1338.0
55.56993601648968,1412.0
55.58664728546829,1375.0
55.6033585544469,1294.0
55.620069823425524,1376.0
55.636781092404135,1323.0
55.653492361382746,1327.0
55.67020363036136,1316.0
55.68691489933997,1295.0
55.70362616831859,1354.0
55.720337437297204,1388.0
55.737048706275814,1421.0
55.753759975254425,1351.0
55.770471244233036,1372.0
55.78718251321165,1378.0
55.80389378219027,1374.0
55.82060505116888,1360.0
55.837316320147494,1377.0
55.854027589126105,1451.0
55.870738858104716,1369.0
55.88745012708334,1289.0
55.90416139606195,1416.0
55.92087266504056,1377.0
55.93758393401917,1321.0
55.954295202997784,1316.0
55.97100647197641,1322.0
55.98771774095502,1369.0
56.00442900993363,1252.0
56.02114027891224,1327.0
56.03785154789085,1234.0
56.05456281686948,1309.0
56.07127408584809,1309.0
56.0879853548267,1292.0
56.10469662380531,1276.0
56.12140789278392,1278.0
56.13811916176253,1211.0
56.15483043074116,1241.0
56.17154169971977,1309.0
56.18825296869838,1187.0
56.20496423767699,1243.0
56.2216755066556,1196.0
56.238386775634226,1207.0
56.255098044612836,1237.0
56.27180931359145,1177.0
56.28852058257006,1218.0
56.30523185154867,1254.0
56.321943120527294,1197.0
56.338654389505905,1180.0
56.355365658484516,1206.0
56.37207692746313,1174.0
56.38878819644174,1142.0
56.40549946542036,1144.0
56.42221073439897,1198.0
56.438922003377584,1249.0
56.455633272356195,1204.0
56.472344541334806,1175.0
56.48905581031342,1196.0
56.50576707929204,1230.0
56.52247834827065,1218.0
56.539189617249264,1186.0
56.555900886227874,1117.0
56.572612155206485,1232.0
56.58932342418511,1166.0
56.60603469316372,1157.0
56.62274596214233,1211.0
56.63945723112094,1186.0
56.656168500099554,1211.0
56.67287976907818,1204.0
56.68959103805679,1183.0
56.7063023070354,1182.0
56.72301357601401,1196.0
56.73972484499262,1151.0
56.75643611397125,1189.0
56.77314738294986,1140.0
56.78985865192847,1184.0
56.80656992090708,1155.0
56.82328118988569,1200.0
56.8399924588643,1147.0
56.85670372784293,1139.0
56.87341499682154,1191.0
56.89012626580015,1199.0
56.90683753477876,1206.0
56.92354880375737,1121.0
56.940260072735995,1148.0
56.956971341714606,1198.0
56.97368261069322,1184.0
56.99039387967183,1170.0
57.00710514865044,1188.0
57.023816417629064,1172.0
57.040527686607675,1192.0
57.057238955586286,1235.0
57.073950224564896,1174.0
57.09066149354351,1177.0
57.10737276252213,1219.0
57.12408403150074,1257.0
57.140795300479354,1180.0
57.157506569457965,1216.0
57.174217838436576,1181.0
57.19092910741519,1226.0
57.20764037639381,1164.0
57.22435164537242,1203.0
57.24106291435103,1281.0
57.257774183329644,1283.0
57.274485452308255,1208.0
57.29119672128688,1264.0
57.30790799026549,1194.0
57.3246192592441,1139.0
57.34133052822271,1233.0
57.358041797201324,1212.0
57.37475306617995,1195.0
57.39146433515856,1233.0
57.40817560413717,1177.0
57.42488687311578,1283.0
57.44159814209439,1255.0
57.45830941107302,1229.0
57.47502068005163,1147.0
57.49173194903024,1217.0
57.50844321800885,1176.0
57.52515448698746,1268.0
57.541865755966086,1290.0
57.5585770249447,1270.0
57.57528829392331,1204.0
57.59199956290192,1167.0
57.60871083188053,1221.0
57.62542210085914,1196.0
57.642133369837765,1260.0
57.658844638816376,1179.0
57.67555590779499,1300.0
57.6922671767736,1188.0
57.70897844575221,1259.0
57.725689714730834,1290.0
57.742400983709445,1205.0
57.759112252688055,1217.0
57.775823521666666,1224.0
57.79253479064528,1197.0
57.8092460596239,1260.0
57.82595732860251,1169.0
57.842668597581124,1199.0
57.859379866559735,1241.0
57.876091135538346,1208.0
57.89280240451697,1200.0
57.90951367349558,1220.0
57.92622494247419,1172.0
57.9429362114528,1173.0
57.959647480431414,1254.0
57.976358749410025,1247.0
57.99307001838865,1184.0
58.00978128736726,1250.0
58.02649255634587,1247.0
58.04320382532448,1224.0
58.05991509430309,1194.0
58.07662636328172,1234.0
58.09333763226033,1211.0
58.11004890123894,1197.0
58.12676017021755,1180.0
58.14347143919616,1213.0
58.16018270817479,1247.0
58.1768939771534,1206.0
58.19360524613201,1224.0
58.21031651511062,1165.0
58.22702778408923,1186.0
58.243739053067856,1126.0
58.26045032204647,1165.0
58.27716159102508,1128.0
58.29387286000369,1098.0
58.3105841289823,1183.0
58.32729539796091,1190.0
58.344006666939535,1158.0
58.360717935918146,1181.0
58.37742920489676,1229.0
58.39414047387537,1204.0
58.41085174285398,1138.0
58.4275630118326,1112.0
58.444274280811214,1152.0
58.460985549789825,1122.0
58.477696818768436,1149.0
58.49440808774705,1117.0
58.51111935672567,1138.0
58.52783062570428,1089.0
58.544541894682894,1093.0
58.561253163661505,1112.0
58.577964432640115,1208.0
58.59467570161874,1100.0
58.61138697059735,1094.0
58.62809823957596,1095.0
58.64480950855457,1107.0
58.661520777533184,1122.0
58.678232046511795,1067.0
58.69494331549042,1081.0
58.71165458446903,1132.0
58.72836585344764,1112.0
58.74507712242625,1166.0
58.76178839140486,1124.0
58.77849966038349,1135.0
58.7952109293621,1160.0
58.81192219834071,1147.0
58.82863346731932,1119.0
58.84534473629793,1107.0
58.86205600527656,1136.0
58.87876727425517,1093.0
58.89547854323378,1093.0
58.91218981221239,1059.0
58.928901081191,1116.0
58.945612350169625,1144.0
58.962323619148236,1116.0
58.97903488812685,1072.0
58.99574615710546,1063.0
59.01245742608407,1081.0
59.02916869506268,1137.0
59.045879964041305,1097.0
59.062591233019916,1124.0
59.07930250199853,1025.0
59.09601377097714,1105.0
59.11272503995575,1095.0
59.12943630893437,1128.0
59.146147577912984,1082.0
59.162858846891595,1086.0
59.179570115870206,1122.0
59.19628138484882,1124.0
59.21299265382744,1080.0
59.22970392280605,1088.0
59.24641519178466,1051.0
59.263126460763274,1037.0
59.279837729741885,1090.0
59.29654899872051,1108.0
59.31326026769912,1079.0
59.32997153667773,1132.0
59.34668280565634,1039.0
59.363394074634954,1112.0
59.380105343613565,1062.0
59.39681661259219,1119.0
59.4135278815708,1054.0
59.43023915054941,1041.0
59.44695041952802,1061.0
59.46366168850663,1064.0
59.48037295748526,1073.0
59.49708422646387,1066.0
59.51379549544248,1124.0
59.53050676442109,1048.0
59.5472180333997,1037.0
59.56392930237833,1088.0
59.58064057135694,1062.0
59.59735184033555,1110.0
59.61406310931416,1077.0
59.63077437829277,1051.0
59.647485647271395,1105.0
59.664196916250006,1082.0
59.68090818522862,1078.0
59.69761945420723,1026.0
59.71433072318584,1054.0
59.73104199216445,1035.0
59.747753261143075,1095.0
59.764464530121685,1122.0
59.781175799100296,1113.0
59.79788706807891,1095.0
59.81459833705752,1175.0
59.83130960603614,1167.0
59.848020875014754,1199.0
59.864732143993365,1069.0
59.881443412971976,1078.0
59.89815468195059,1074.0
59.91486595092921,1051.0
59.93157721990782,1107.0
59.94828848888643,1118.0
59.964999757865044,1065.0
59.981711026843655,1079.0
59.99842229582228,1100.0
60.01513356480089,1101.0
60.0318448337795,1091.0
60.04855610275811,1079.0
60.065267371736724,1073.0
60.081978640715334,1073.0
60.09868990969396,1105.0
60.11540117867257,1014.0
60.13211244765118,1160.0
60.14882371662979,961.0
60.1655349856084,1020.0
60.18224625458703,1047.0
60.19895752356564,1037.0
60.21566879254425,1076.0
60.23238006152286,1073.0
60.24909133050147,1066.0
60.2658025994801,1067.0
60.28251386845871,1013.0
60.29922513743732,1063.0
60.31593640641593,1076.0
60.33264767539454,1019.0
60.349358944373165,1081.0
60.366070213351776,1104.0
60.38278148233039,1069.0
60.399492751309,1041.0
60.41620402028761,1010.0
60.43291528926622,1093.0
60.449626558244844,1102.0
60.466337827223455,1075.0
60.483049096202066,1039.0
60.49976036518068,1074.0
60.51647163415929,1089.0
60.53318290313791,1024.0
60.549894172116524,1029.0
60.566605441095135,1050.0
60.583316710073746,994.0
60.600027979052356,1055.0
60.61673924803098,1037.0
60.63345051700959,1017.0
60.6501617859882,1061.0
60.666873054966814,1091.0
60.683584323945425,1082.0
60.70029559292405,1016.0
60.71700686190266,1059.0
60.73371813088127,996.0
60.75042939985988,1011.0
60.76714066883849,1098.0
60.783851937817104,1047.0
60.80056320679573,1070.0
60.81727447577434,1024.0
60.83398574475295,1017.0
60.85069701373156,1038.0
60.86740828271017,1078.0
60.8841195516888,1073.0
60.90083082066741,1061.0
60.91754208964602,1063.0
60.93425335862463,1085.0
60.95096462760324,1028.0
60.967675896581866,1026.0
60.98438716556048,1096.0
61.00109843453909,1004.0
61.0178097035177,995.0
61.03452097249631,1011.0
61.051232241474935,1018.0
61.067943510453546,1011.0
61.08465477943216,1034.0
61.10136604841077,962.0
61.11807731738938,1025.0
61.13478858636799,967.0
61.151499855346614,1000.0
61.168211124325225,1033.0
61.184922393303836,979.0
61.20163366228245,1087.0
61.21834493126106,1060.0
61.23505620023968,1003.0
61.251767469218294,1017.0
61.268478738196904,985.0
61.285190007175515,1010.0
61.301901276154126,1026.0
61.31861254513275,1017.0
61.33532381411136,1028.0
61.35203508308997,1072.0
61.368746352068584,1028.0
61.385457621047195,1053.0
61.40216889002582,1096.0
61.41888015900443,1042.0
61.43559142798304,1048.0
61.45230269696165,1006.0
61.46901396594026,1018.0
61.48572523491889,1012.0
61.5024365038975,992.0
61.51914777287611,1016.0
61.53585904185472,1031.0
61.55257031083333,1084.0
61.56928157981194,1035.0
61.58599284879057,990.0
61.60270411776918,1047.0
61.61941538674779,1020.0
61.6361266557264,1004.0
61.65283792470501,987.0
61.669549193683636,1034.0
61.68626046266225,1075.0
61.70297173164086,986.0
61.71968300061947,1043.0
61.73639426959808,1053.0
61.753105538576705,1004.0
61.769816807555316,1067.0
61.786528076533926,952.0
61.80323934551254,1034.0
61.81995061449115,1062.0
61.83666188346977,1023.0
61.853373152448384,1013.0
61.870084421426995,1029.0
61.886795690405606,1030.0
61.90350695938422,1041.0
61.92021822836283,1053.0
61.93692949734145,1018.0
61.95364076632006,1046.0
61.970352035298674,1087.0
61.987063304277285,1022.0
62.003774573255896,1016.0
62.02048584223452,976.0
62.03719711121313,1029.0
62.05390838019174,1056.0
62.070619649170354,1041.0
62.087330918148965,1024.0
62.10404218712759,1016.0
62.1207534561062,1031.0
62.13746472508481,1034.0
62.15417599406342,1058.0
62.17088726304203,1038.0
62.18759853202066,1070.0
62.20430980099927,1060.0
62.22102106997788,1025.0
62.23773233895649,1077.0
62.2544436079351,980.0
62.27115487691371,1049.0
62.28786614589234,1018.0
62.30457741487095,1027.0
62.32128868384956,1043.0
62.33799995282817,997.0
62.35471122180678,1042.0
62.371422490785406,1061.0
62.38813375976402,1025.0
62.40484502874263,1016.0
62.42155629772124,1079.0
62.43826756669985,1047.0
62.454978835678475,1064.0
62.471690104657085,963.0
62.488401373635696,1058.0
62.50511264261431,1055.0
62.52182391159292,1069.0
62.53853518057154,1015.0
62.555246449550154,960.0
62.571957718528765,992.0
62.588668987507376,1060.0
62.60538025648599,1057.0
62.6220915254646,1053.0
62.63880279444322,1019.0
62.65551406342183,1018.0
62.672225332400444,1037.0
62.688936601379055,1045.0
62.705647870357666,1078.0
62.72235913933629,1053.0
62.7390704083149,1094.0
62.75578167729351,1088.0
62.77249294627212,1016.0
62.789204215250734,1064.0
62.80591548422936,1061.0
62.82262675320797,1050.0
62.83933802218658,1053.0
62.85604929116519,1033.0
62.8727605601438,1054.0
62.88947182912243,1114.0
62.90618309810104,1088.0
62.92289436707965,1101.0
62.93960563605826,1140.0
62.95631690503687,1060.0
62.97302817401548,1107.0
62.98973944299411,1077.0
63.00645071197272,1015.0
63.02316198095133,1081.0
63.03987324992994,1150.0
63.05658451890855,1064.0
63.073295787887176,1084.0
63.09000705686579,1104.0
63.1067183258444,1135.0
63.12342959482301,1189.0
63.14014086380162,1161.0
63.156852132780244,1061.0
63.173563401758855,1147.0
63.190274670737466,1086.0
63.20698593971608,1076.0
63.22369720869469,1133.0
63.24040847767331,1158.0
63.257119746651924,1126.0
63.273831015630535,1080.0
63.290542284609145,1048.0
63.307253553587756,1135.0
63.32396482256637,1086.0
63.34067609154499,1104.0
63.3573873605236,1024.0
63.374098629502214,1111.0
63.390809898480825,1103.0
63.407521167459436,1102.0
63.42423243643806,1134.0
63.44094370541667,1109.0
63.45765497439528,1066.0
63.47436624337389,1093.0
63.491077512352504,1051.0
63.50778878133113,1045.0
63.52450005030974,1016.0
63.54121131928835,1062.0
63.55792258826696,1087.0
63.57463385724557,1050.0
63.5913451262242,1029.0
63.60805639520281,1117.0
63.62476766418142,1088.0
63.64147893316003,1074.0
63.65819020213864,1060.0
63.67490147111725,1122.0
63.69161274009588,1074.0
63.70832400907449,1087.0
63.7250352780531,1032.0
63.74174654703171,1098.0
63.75845781601032,1043.0
63.775169084988946,1111.0
63.79188035396756,1029.0
63.80859162294617,961.0
63.82530289192478,1023.0
63.84201416090339,1084.0
63.858725429882014,1074.0
63.875436698860625,1006.0
63.892147967839236,1019.0
63.90885923681785,1048.0
63.92557050579646,1041.0
63.94228177477508,1079.0
63.95899304375369,1092.0
63.975704312732304,1040.0
63.992415581710915,1022.0
64.00912685068953,1050.0
64.02583811966814,1095.0
64.04254938864676,1096.0
64.05926065762537,986.0
64.07597192660398,1038.0
64.0926831955826,1063.0
64.1093944645612,1081.0
64.12610573353983,1094.0
64.14281700251844,1147.0
64.15952827149705,1093.0
64.17623954047566,1022.0
64.19295080945427,1017.0
64.2096620784329,1084.0
64.22637334741151,1024.0
64.24308461639012,969.0
64.25979588536873,1056.0
64.27650715434734,1000.0
64.29321842332597,1078.0
64.30992969230458,1042.0
64.32664096128319,1034.0
64.3433522302618,1077.0
64.36006349924041,1049.0
64.37677476821902,1038.0
64.39348603719765,1014.0
64.41019730617626,1053.0
64.42690857515487,1066.0
64.44361984413348,1102.0
64.46033111311209,1041.0
64.47704238209072,1035.0
64.49375365106933,1063.0
64.51046492004794,1041.0
64.52717618902655,1003.0
64.54388745800516,1089.0
64.56059872698378,1080.0
64.5773099959624,1104.0
64.594021264941,1046.0
64.61073253391962,1067.0
64.62744380289823,1001.0
64.64415507187685,1056.0
64.66086634085546,1114.0
64.67757760983407,1074.0
64.69428887881269,1092.0
64.7110001477913,1006.0
64.7277114167699,1072.0
64.74442268574853,1025.0
64.76113395472714,1026.0
64.77784522370575,1011.0
64.79455649268436,1051.0
64.81126776166298,1013.0
64.8279790306416,990.0
64.84469029962021,959.0
64.86140156859882,987.0
64.87811283757743,1008.0
64.89482410655604,1089.0
64.91153537553467,1041.0
64.92824664451328,1049.0
64.94495791349189,1096.0
64.9616691824705,1020.0
64.97838045144911,1041.0
64.99509172042774,1046.0
65.01180298940635,968.0
65.02851425838496,1041.0
65.04522552736357,963.0
65.06193679634218,1044.0
65.07864806532079,1025.0
65.09535933429942,1063.0
65.11207060327803,1054.0
65.12878187225664,1015.0
65.14549314123525,991.0
65.16220441021386,1011.0
65.17891567919249,1019.0
65.1956269481711,1034.0
65.2123382171497,1023.0
65.22904948612832,1063.0
65.24576075510693,975.0
65.26247202408555,981.0
65.27918329306416,997.0
65.29589456204278,955.0
65.31260583102139,956.0
65.3293171,1022.0
