specific_capacity_discharge,voltage_discharge,specific_power_discharge
3.341380323377992e-05,3.84091,-462.0218795231675
0.0151029045380904,3.79087,-455.9273667090423
0.0509227209427285,3.74085,-450.1128668760464
0.3850702317163527,3.69234,-444.2647655545708
0.7192166893304407,3.67813,-442.4671544973866
1.053370168008103,3.66786,-441.3193159316282
1.387523646685765,3.65944,-439.99959383846425
1.721677125363427,3.65084,-439.118738289812
2.0558270935093024,3.64424,-438.44464260034425
2.389963019528029,3.63742,-437.48988627581
2.724102456078543,3.63084,-436.93387466871576
3.058241892629057,3.62421,-436.10716749791294
3.3923883502431456,3.61773,-435.1468221884186
3.726534807857233,3.61142,-434.5859256191912
4.060702328662043,3.60555,-433.775202316385
4.394834744148984,3.59954,-433.1131109243449
4.729002264953793,3.59366,-432.2589075720164
5.063134680440733,3.58808,-431.6308027924692
5.397267095927674,3.58261,-430.9940650548364
5.731434616732484,3.57731,-430.3135168064398
6.065567032219423,3.57214,-429.46363988235225
6.399734553024234,3.56691,-429.0237366724681
6.733866968511173,3.56184,-428.4314785890461
7.068034489315984,3.55664,-427.9125310529882
7.4021669048029235,3.55147,-427.2725559353788
7.736299320289863,3.54628,-426.623504378837
8.070431735776806,3.54094,-426.01286588201145
8.404599256581614,3.53568,-425.3340076248207
8.738731672068555,3.53029,-424.6753417066291
9.072899192873365,3.52495,-424.1381010775737
9.407031608360302,3.51969,-423.2912376148949
9.741199129165112,3.51457,-422.8402734988283
10.075331544652055,3.50955,-422.11389856894544
10.409463960138996,3.50469,-421.5678922457892
10.743631480943804,3.49981,-420.7646065717352
11.077763896430746,3.4949,-420.4004433182548
11.411896311917683,3.48999,-419.7749770382503
11.746063832722491,3.485,-419.2373225440368
12.080196248209434,3.48002,-418.6765029991066
12.414328663696374,3.47499,-418.0436830225308
12.748496184501183,3.46987,-417.3931004900777
13.082663705305997,3.46472,-416.797686130495
13.416796120792936,3.45956,-416.2359744296885
13.750928536279876,3.45448,-415.57980853361977
14.085060951766817,3.44951,-414.868563104485
14.419193367253754,3.44467,-414.3892008528415
14.753360888058566,3.44005,-413.8268997639384
15.087528408863376,3.4354,-413.2948720521594
15.421660824350315,3.43078,-412.7082800841529
15.755828345155123,3.42611,-412.17377719259946
16.089995865959935,3.42139,-411.6470209078493
16.424128281446876,3.4166,-410.9273553026668
16.758295802251684,3.41173,-410.3450714252875
17.092428217738625,3.40681,-409.8893732286207
17.426595738543437,3.40184,-409.2200421061942
17.76076325934825,3.39682,-408.6161675526076
18.094930780153057,3.39183,-408.01590181109424
18.42906319564,3.3868,-407.5088411030493
18.7632307164448,3.38185,-406.78502526111
19.097363131931747,3.37692,-406.22573638878106
19.431530652736555,3.37208,-405.6298726755128
19.765663068223496,3.36734,-405.1503393545319
20.09983058902831,3.36256,-404.4145872058808
20.43396300451525,3.35776,-403.8771809038774
20.768130525320057,3.35292,-403.3017971584305
21.10229804612487,3.34796,-402.7551170031612
21.43643046161181,3.34302,-402.1409846638976
21.77059798241661,3.33806,-401.5143806063582
22.10473039790356,3.3331,-400.92114307192975
22.438897918708367,3.32817,-400.3146796301974
22.773030334195308,3.32341,-399.6858621076623
23.10716274968225,3.31873,-399.2555637683541
23.44133027048705,3.3141,-398.7182427027647
23.775497791291865,3.30949,-397.9988244695917
24.109630206778807,3.30487,-397.6704345415607
24.44379772758361,3.30023,-397.0070055400191
24.77793014307056,3.29548,-396.4418430870075
25.112097663875364,3.29073,-395.7851691038097
25.44623007936231,3.28586,-395.3306642573787
25.78039760016712,3.28103,-394.7234307647717
26.11456512097193,3.27617,-394.12218819082767
26.44869753645887,3.27134,-393.5771090937602
26.782865057263677,3.26654,-393.04213859558143
27.11703257806849,3.26179,-392.4767844127699
27.451164993555427,3.25709,-391.80093780091954
27.785297409042368,3.25241,-391.2737327817416
28.11946492984718,3.24776,-390.7270491093407
28.453632450651988,3.24319,-390.0546962249232
28.787764866138925,3.2386,-389.5218989538844
29.12193238694374,3.23393,-389.13432249286336
29.45609990774855,3.22936,-388.3460764437652
29.79026742855336,3.2248,-387.9232391247252
30.124399844040298,3.22028,-387.41817418096207
30.45856736484511,3.21584,-386.9319736700875
30.79269978033205,3.21155,-386.3484231539428
31.126867301136866,3.2073,-385.83390684603125
31.46103482194167,3.20307,-385.3634996132932
31.79520234274648,3.19885,-384.862256870261
32.12933475823342,3.19471,-384.3799083666385
32.4635373843561,3.19054,-383.7193161054929
32.79766979984304,3.18641,-383.3655669737464
33.13183732064784,3.18227,-382.9117114077521
33.46596973613479,3.17824,-382.2147170356265
33.8001372569396,3.17439,-381.7103953516232
34.134269672426534,3.17062,-381.3804804051936
34.468437193231345,3.16706,-381.015502602742
34.802569608718294,3.16351,-380.6323954049345
35.13691265611245,3.1601,-380.2001400302333
35.470764229056435,3.15658,-379.7638737239786
35.80496685517911,3.15323,-379.3010643750668
36.139169481301785,3.1498,-378.9135490815515
36.47337210742447,3.14644,-378.5503063383724
36.80757473354715,3.14309,-378.1722905164906
37.141777359669824,3.13977,-377.7414853424707
37.475979985792506,3.1365,-377.2513573444001
37.80983155873648,3.13334,-376.9492892576096
38.144034184859166,3.13033,-376.7149596263235
38.47823681098185,3.12741,-376.3418183541972
38.81243943710452,3.1247,-375.9410707105693
39.146642063227205,3.12203,-375.482923681652
39.48084468934989,3.11941,-375.37597190083096
39.815047315472576,3.1168,-374.76686608098
40.14924994159526,3.1142,-374.7738185010196
40.483452567717926,3.11154,-374.3546098052476
40.81765519384061,3.10899,-374.06628185744415
41.15150676678459,3.10639,-373.679257871699
41.48570939290728,3.10379,-373.4190562381538
41.81991201902996,3.10125,-373.0640835363904
42.15411464515263,3.09882,-372.78704072423
42.48831727127531,3.09654,-372.4912338697181
42.82251989739799,3.09435,-372.2493011743248
43.15672252352067,3.09231,-371.9609014520138
43.49092514964335,3.09034,-371.8133754636553
43.82477672258733,3.08833,-371.5652980790388
44.158979348710005,3.08637,-371.178534767972
44.49318197483269,3.08441,-371.08743544232186
44.82738460095538,3.08239,-370.89972396087023
45.16158722707806,3.08035,-370.5958597837909
45.495789853200726,3.07833,-370.2944787648013
45.829992479323415,3.07629,-369.98493721318846
46.1641951054461,3.07427,-369.80299032304544
46.49839773156878,3.07228,-369.6036058647861
46.83224930451276,3.07039,-369.3944713086208
47.16645193063543,3.06861,-369.2478005595267
47.50065455675811,3.06693,-368.85611064819017
47.8348571828808,3.06523,-368.7248686580752
48.16905980900348,3.06361,-368.5911683168327
48.50326243512615,3.06189,-368.31070826821633
48.83746506124883,3.06015,-368.1594168347369
49.17166768737151,3.05841,-368.0018751235229
49.50587031349419,3.05659,-367.72532730687607
49.84007293961687,3.05472,-367.59146405407
50.17392451256085,3.05284,-367.2710942526968
50.508127138683534,3.05096,-367.0449213588682
50.842329764806216,3.04907,-366.7778555153986
51.1765323909289,3.04722,-366.6311815411087
51.51073501705157,3.0454,-366.4487684395661
51.84493764317425,3.04364,-366.1612135087559
52.17914026929693,3.04182,-365.9299592153714
52.51334289541962,3.03997,-365.795384052416
52.84754552154229,3.03804,-365.42377782560936
53.181748147664976,3.03602,-365.19884010087577
53.51559972060895,3.03396,-365.0028083701019
53.84980234673163,3.0318,-364.748695312176
54.18400497285431,3.02963,-364.4906907952205
54.51820759897699,3.02755,-364.2737366748357
54.85241022509968,3.02554,-363.94127364934985
55.18661285122235,3.02357,-363.695514284459
55.52081547734504,3.02168,-363.5254538608846
55.855018103467714,3.01968,-363.1943973531288
56.1892207295904,3.01766,-363.0387738245675
56.52342335571307,3.01553,-362.7493690392528
56.85762598183575,3.01336,-362.4220679332673
57.19147755477974,3.01109,-362.1041474709248
57.52568018090241,3.00877,-361.9749684547845
57.859882807025095,3.00631,-361.7033299863904
58.19408543314777,3.00379,-361.3549625525312
58.52828805927045,3.0012,-361.0703159179885
58.86249068539313,2.99869,-360.78653186028345
59.196693311515816,2.99612,-360.5042069862892
59.5308959376385,2.99358,-360.2402006883833
59.86509856376117,2.99106,-359.871554647857
60.19930118988385,2.98843,-359.5607894175413
60.53315276282783,2.98578,-359.066484471218
60.86735538895051,2.983,-358.83018199071654
61.2015580150732,2.98006,-358.3578898610649
61.53576064119588,2.97708,-358.15680785033555
61.86996326731856,2.97395,-357.8512887964956
62.20416589344124,2.97078,-357.42554461559126
62.53836851956392,2.96757,-357.01571017246874
62.8725711456866,2.96444,-356.6447728515162
63.20677377180928,2.96132,-356.27240701527995
63.54097639793196,2.95818,-355.94772487946784
63.874827970875934,2.95499,-355.47836319782016
64.20903059699862,2.95161,-355.0661617997035
64.54323322312129,2.94807,-354.6343536239235
64.87743584924398,2.94434,-354.1651923151454
65.21163847536666,2.94039,-353.6138807004047
65.54584110148933,2.93621,-353.1549771671933
65.88004372761202,2.93181,-352.6168712201366
66.21424635373471,2.92723,-352.1829232937882
66.54844897985738,2.92259,-351.56631440100875
66.88230055280135,2.91791,-350.95983041887405
67.21650317892403,2.91322,-350.3463926669704
67.55070580504672,2.90842,-349.88492300017816
67.8849084311694,2.90346,-349.26217908238885
68.21911105729208,2.89826,-348.68281340308306
68.55331368341477,2.8928,-348.10087956813
68.88751630953742,2.88702,-347.2645160575808
69.2217189356601,2.8809,-346.5542233919687
69.5559215617828,2.87443,-345.7530370372674
69.8897731347268,2.86754,-344.95579661606195
70.22397576084946,2.86046,-343.9956447462774
70.55817838697213,2.85311,-343.17989057156075
70.89238101309482,2.84576,-342.386802539349
71.2265836392175,2.83844,-341.4831407720757
71.56078626534018,2.83111,-340.58733926310646
71.89498889146286,2.82371,-339.6913969715619
72.22919151758553,2.81611,-338.77142507589315
72.56339414370822,2.80823,-337.9271108638053
72.8975967698309,2.79998,-336.836685669716
73.23144834277488,2.79134,-335.83927576471183
73.56565096889756,2.78234,-334.6481413697823
73.89985359502023,2.77283,-333.5898230108915
74.23405622114292,2.76292,-332.3647618490491
74.5682588472656,2.75254,-331.15158446948243
74.90246147338827,2.7418,-329.791218694374
75.23666409951096,2.7307,-328.581352852802
75.57086672563364,2.71937,-327.13657944685315
75.90506935175632,2.70797,-325.83806985926395
76.239271977879,2.69656,-324.46004311941715
76.57312355082297,2.68504,-322.937163015651
76.90732617694566,2.67327,-321.6441906114744
77.24152880306832,2.66117,-320.18564462753966
77.57573142919102,2.64859,-318.5903756746744
77.9099340553137,2.6356,-316.925260197724
78.24413668143639,2.62205,-315.4214918457766
78.57833930755906,2.6081,-313.72490789490644
78.91254193368174,2.59361,-311.9458693095115
79.24674455980441,2.57868,-310.1860149114058
79.58094718592709,2.56343,-308.39761543290047
79.91479875887109,2.54815,-306.589923317371
80.24900138499376,2.53292,-304.7145760377759
80.58320401111644,2.5177,-302.9790396308913
80.91740663723914,2.50246,-301.0650504884583
81.25160926336179,2.48703,-299.21373258171354
81.58581188948449,2.47151,-297.3071709033582
81.92001451560715,2.45589,-295.45518522564413
82.25421714172984,2.44046,-293.48445820554065
82.58806871467384,2.42531,-291.81243457410966
82.92227134079648,2.4107,-289.96560321924545
83.25647396691919,2.39653,-288.27331163870065
83.59067659304185,2.38266,-286.60491990881246
83.92487921916454,2.36889,-285.00753448188965
84.25908184528723,2.3554,-283.4056510720925
84.5932844714099,2.34234,-281.7593563198035
84.92748709753259,2.32956,-280.1987958444656
85.26133867047655,2.31683,-278.77860598391493
85.59554129659924,2.30408,-277.12271257384856
85.92974392272193,2.29116,-275.64867956635777
86.2639465488446,2.27806,-274.01590686941296
86.5981491749673,2.26469,-272.38737870955106
86.93235180108996,2.25117,-270.76125002962
87.26655442721264,2.23758,-269.17788584807863
87.60075705333531,2.22408,-267.5229353705012
87.9346086262793,2.21096,-265.91378374698616
88.268811252402,2.19873,-264.47593962105566
88.60301387852466,2.18773,-263.25094773141376
88.93721650464734,2.17831,-262.0543910304501
89.27141913077001,2.17049,-261.1309129488922
89.6056217568927,2.16378,-260.29984440348755
89.93982438301536,2.15799,-259.5236794562143
90.27402700913808,2.15272,-258.9437676357553
90.60822963526071,2.14774,-258.45385412331336
90.94208120820473,2.14303,-257.7481260828258
91.2762838343274,2.13864,-257.2820226842652
91.61048646045008,2.13448,-256.7580990452268
91.94468908657277,2.13063,-256.2462424774008
92.27889171269544,2.12725,-255.91608778847063
92.61309433881812,2.12436,-255.6317700910373
92.94729696494082,2.12196,-255.29657591493051
93.28149959106348,2.11989,-255.03065241128263
93.61570221718615,2.118,-254.7925715398916
93.94990484330884,2.11618,-254.6116045948975
94.28410746943152,2.11432,-254.3985039376525
94.61795904237552,2.11237,-254.11315438230903
94.95216166849816,2.11043,-253.9347200880053
95.28636429462088,2.10836,-253.6371556572488
95.62056692074351,2.1063,-253.42101313741
95.95476954686625,2.10429,-253.10976861418928
96.28897217298888,2.10232,-252.86244972812983
96.62317479911158,2.10047,-252.742401638026
96.95737742523428,2.09888,-252.42986097409243
97.29158005135696,2.09758,-252.33395208663435
97.62578267747963,2.09647,-252.25288180799276
97.9599853036023,2.09543,-252.1338370532899
98.29418792972498,2.09437,-251.96473643887535
98.62839055584766,2.0932,-251.86154295011568
98.96224212879164,2.09197,-251.7029695591863
99.29644475491436,2.09053,-251.51517976184272
99.630647381037,2.08893,-251.23318602521863
99.96485000715968,2.08724,-251.02782141832697
100.29905263328236,2.08563,-250.80097911818316
100.63325525940505,2.08417,-250.743675971876
100.96745788552772,2.08292,-250.5953960624129
101.3016605116504,2.08197,-250.49978323452973
101.63586313777309,2.08128,-250.3959839776727
101.97006576389578,2.08065,-250.32439674137575
102.30426839001844,2.07994,-250.1745752110861
102.63847101614112,2.07908,-250.09819815466736
102.9726736422638,2.07805,-250.06332556750212
103.30687626838647,2.07692,-249.8921741405781
103.64107889450918,2.07567,-249.69009853448844
103.97493046745316,2.07429,-249.59225139789712
104.3091330935758,2.0729,-249.33618915145925
104.64333571969853,2.07157,-249.1555293052583
104.97753834582116,2.07032,-249.11664798048145
105.31174097194388,2.06937,-248.91786411256595
105.64594359806654,2.06867,-248.91810743159635
105.98014622418924,2.06807,-248.83362690526556
106.3143488503119,2.06745,-248.7713077530268
106.64855147643458,2.06674,-248.6054277607143
106.98275410255728,2.06591,-248.5283028064212
107.31695672867994,2.06487,-248.444422271397
107.65115935480264,2.06381,-248.25115616873848
107.9853619809253,2.06268,-248.1501620435897
108.319564607048,2.06165,-248.03015641435087
108.65376723317068,2.0608,-247.95263778523167
108.98796985929336,2.06037,-247.783726264348
109.32182143223731,2.06016,-247.82017691250243
109.65602405836,2.06003,-247.82302347255796
109.99022668448268,2.05984,-247.85769724258088
110.32442931060535,2.0595,-247.783990504182
110.65863193672806,2.05903,-247.77662482560413
110.9928345628507,2.05845,-247.61655924325908
111.3270371889734,2.05784,-247.52679639348955
111.66123981509608,2.05706,-247.51694442135528
111.99544244121876,2.05619,-247.34885543786876
112.32964506734145,2.05533,-247.2555322386365
112.66384769346412,2.05462,-247.1189662288118
112.9980503195868,2.05412,-247.12243033170964
113.3319018925308,2.05393,-247.08918928413223
113.66610451865348,2.05388,-247.00945705226405
114.00030714477616,2.05396,-247.08267477414665
114.33450977089882,2.05393,-247.1117722148171
114.66871239702152,2.05366,-247.0445097284461
115.00291502314418,2.05332,-247.03007819064487
115.33711764926689,2.05278,-246.9775646382409
115.67132027538952,2.05209,-246.8330842760471
116.00552290151222,2.05139,-246.9104002145032
116.33972552763493,2.05066,-246.7020258946082
116.67357710057888,2.05004,-246.65593664149284
117.0077797267016,2.04979,-246.6157542585905
117.34198235282425,2.04988,-246.55715376338588
117.67618497894692,2.0502,-246.51376658989685
118.0103876050696,2.05057,-246.6707257665553
118.34459023119229,2.05076,-246.73660434316156
118.67879285731496,2.05083,-246.6898205772498
119.01299548343763,2.05071,-246.70596774479395
119.34719810956034,2.05036,-246.5881979559784
119.681400735683,2.04982,-246.56625746735477
120.01560336180567,2.04919,-246.5272512256402
120.34980598792836,2.04849,-246.4735865108864
120.68365756087236,2.04777,-246.30724737808745
121.01786018699504,2.04722,-246.2310026722276
121.35206281311773,2.04696,-246.1914527891393
121.6862654392404,2.04689,-246.2280448189062
122.02046806536303,2.04677,-246.21981762760316
122.35467069148577,2.04662,-246.2017731122721
122.68887331760844,2.04637,-246.22678465833567
123.02307594373111,2.04601,-246.02832433493137
123.3572785698538,2.04545,-246.05068580385893
123.69148119597646,2.04492,-245.99106615943091
124.02533276892044,2.04436,-245.97459946749623
124.35953539504312,2.044,-245.91501066463468
124.6937380211658,2.04377,-245.90154515511097
125.0279406472885,2.04374,-245.87753102358556
125.36214327341116,2.0437,-245.80556564319565
125.69634589953388,2.04359,-245.8127385228061
126.03054852565651,2.04332,-245.7740640440385
126.36475115177922,2.04295,-245.78248798997615
126.69895377790188,2.04248,-245.6322433448388
127.03315640402457,2.04193,-245.6597741997465
127.36700797696857,2.0414,-245.65921879626572
127.7012106030912,2.04098,-245.47222774923668
128.0354132292139,2.04083,-245.4990647801144
128.36961585533658,2.04092,-245.53439454004285
128.70381848145928,2.04122,-245.5480430781623
129.03802110758193,2.04144,-245.56625206836696
129.37222373370463,2.0416,-245.6546467779612
129.7064263598273,2.04149,-245.5539484785859
130.04062898594998,2.04133,-245.54708651568257
130.37483161207263,2.04089,-245.46965692193447
130.70903423819536,2.04038,-245.36344837180607
131.04323686431803,2.0397,-245.32859093623645
131.37708843726202,2.03914,-245.31612704335743
131.7112910633847,2.03868,-245.2708355510079
132.04549368950737,2.03842,-245.2233256345449
132.37969631563007,2.03838,-245.226757086127
132.71389894175277,2.0384,-245.26162219796583
133.04810156787542,2.03835,-245.1538522183437
133.38230419399807,2.0382,-245.2130873997215
133.71650682012077,2.03795,-245.16472387681264
134.05070944624345,2.03753,-245.0899928910557
134.38456101918743,2.03703,-245.0581671850002
134.7187636453101,2.03646,-244.93683517251915
135.05296627143278,2.03594,-244.82154518895476
135.38716889755548,2.03553,-244.8229206995616
135.72137152367816,2.03535,-244.7950978203652
136.05557414980083,2.03532,-244.86454071600303
136.38977677592354,2.03518,-244.8376666787843
136.7239794020462,2.03502,-244.79604322988536
137.0581820281689,2.0347,-244.75137843401947
137.39203360111284,2.0343,-244.6243353821285
137.72623622723552,2.03378,-244.64482528587823
138.06043885335822,2.03328,-244.56849119078583
138.3946414794809,2.03281,-244.5890297391321
138.72884410560357,2.0324,-244.49115305888824
139.06304673172625,2.03202,-244.35607216451095
139.39724935784895,2.03173,-244.43879873662337
139.73145198397162,2.03135,-244.33634550106376
140.06565461009427,2.03096,-244.3623297924564
140.39950618303828,2.03053,-244.328812562216
140.73370880916096,2.02999,-244.31437568995105
141.06791143528366,2.02945,-244.15833488399485
141.4021140614063,2.029,-244.1082992196704
141.73631668752898,2.02877,-244.064475162326
142.07051931365166,2.0287,-244.08246173661072
142.40472193977433,2.02878,-244.11029099289877
142.73892456589704,2.02883,-244.0878465775475
143.0731271920197,2.02878,-244.10208633752472
143.4073298181424,2.02856,-244.0615157937186
143.7411813910864,2.02819,-243.98060252726205
144.07538401720907,2.02774,-243.95875916101093
144.40958664333175,2.02715,-243.85754550644185
144.7437892694544,2.02646,-243.76019970580583
145.0779918955771,2.02583,-243.7169327150917
145.4121945216998,2.02538,-243.6384788360718
145.74639714782245,2.02536,-243.6683243528113
146.08059977394512,2.02559,-243.7203146134113
146.4148024000678,2.02595,-243.7190794670648
146.74900502619047,2.02614,-243.7823939839719
147.08320765231318,2.02629,-243.8106850106965
147.41741027843588,2.02624,-243.65307273568737
147.75161290455853,2.02607,-243.7842137994176
148.08546447750254,2.02567,-243.64904349432328
148.4196671036252,2.02515,-243.56832601317345
148.75386972974786,2.02449,-243.55956217558227
149.08807235587057,2.02369,-243.50167970601373
149.42227498199327,2.02287,-243.4091482936052
149.75647760811594,2.02216,-243.28129220676487
150.09068023423856,2.02169,-243.2410995820967
150.4248828603613,2.02154,-243.2028692640957
150.75908548648394,2.0217,-243.21189815413877
151.09328811260664,2.02187,-243.2203397274394
151.4274907387293,2.02192,-243.1959465709584
151.761693364852,2.0218,-243.17154798522924
152.095544937796,2.02152,-243.2244780782378
152.42974756391865,2.02112,-243.04940360381704
152.76395019004133,2.02058,-243.07716138511628
153.09815281616403,2.01993,-243.0331730601601
153.4323554422867,2.01912,-242.9640401738271
153.7665580684094,2.01827,-242.8416079601223
154.10076069453206,2.01751,-242.73614007898135
154.43496332065473,2.01701,-242.617608790104
154.7691659467774,2.01692,-242.6269199037332
155.10336857290008,2.01715,-242.7048082891615
155.43757119902276,2.01747,-242.7111851659399
155.77177382514546,2.01768,-242.75251369773144
156.10597645126813,2.0178,-242.73074010793337
156.4401790773908,2.01773,-242.64377978646175
156.77438170351348,2.01751,-242.68183121604775
157.1082332764575,2.01709,-242.67948986420447
157.44243590258017,2.01658,-242.57582519987236
157.77663852870282,2.0159,-242.5302045378759
158.11084115482552,2.01509,-242.43682917817932
158.44504378094825,2.01422,-242.31612190456903
158.7792464070709,2.01334,-242.23442771863157
159.11344903319355,2.01263,-242.1187360907723
159.4476516593162,2.01214,-242.00969362103035
159.78185428543892,2.01198,-242.05656045721744
160.1160569115616,2.012,-242.08515691832187
160.45025953768427,2.01202,-242.00517746483527
160.78446216380692,2.01192,-241.99721772971532
161.1183137367509,2.01169,-241.9977730902272
161.45251636287364,2.0113,-241.972717772747
161.78671898899628,2.01077,-241.93309660297476
162.120921615119,2.01013,-241.85812498627192
162.45512424124166,2.00936,-241.73754532905767
162.78932686736437,2.00848,-241.60756242781815
163.12352949348704,2.00767,-241.51418414370823
163.45773211960966,2.00702,-241.4519715657381
163.7919347457324,2.00668,-241.46305681380744
164.12613737185507,2.00655,-241.4372705193564
164.46033999797774,2.00662,-241.35972456201108
164.7945426241004,2.00662,-241.4279415951144
165.1283941970444,2.00652,-241.36772938920973
165.4625968231671,2.00628,-241.3089402478563
165.79679944928975,2.00589,-241.2719188992896
166.13100207541245,2.00528,-241.2586089043582
166.46520470153513,2.00455,-241.19484804158915
166.79940732765783,2.00367,-241.0228722283412
167.13360995378048,2.00283,-241.0238337625764
167.46781257990315,2.00211,-240.8731724744673
167.80201520602583,2.00168,-240.77565164124397
168.13621783214853,2.00164,-240.86266666466443
168.4704204582712,2.00182,-240.79628661561352
168.80462308439385,2.00198,-240.82767721344064
169.13882571051656,2.00202,-240.78644053274743
169.47302833663923,2.0019,-240.8580273823241
169.8072309627619,2.00166,-240.70519749255175
170.1410825357059,2.0012,-240.65595104829052
170.4752851618286,2.00058,-240.62740778775077
170.8094877879513,1.99978,-240.50313164545955
171.14369041407394,1.9989,-240.3715314601997
171.47789304019662,1.998,-240.3847599064606
171.8120956663193,1.99718,-240.2124021438436
172.146298292442,1.99666,-240.24549414617715
172.48050091856467,1.99649,-240.13723360442188
172.81470354468732,1.99653,-240.22379639271227
173.14855511763133,1.99669,-240.23901025785824
173.482757743754,1.99682,-240.24279092913844
173.81696036987668,1.99686,-240.16205290253112
174.15116299599936,1.99668,-240.11643215206925
174.48536562212203,1.99638,-240.0922129362597
174.81956824824476,1.99589,-240.0731374236605
175.1537708743674,1.9952,-240.0857071173679
175.48797350049009,1.99442,-239.85851234452667
175.82182507343404,1.99348,-239.76738172108145
176.15602769955672,1.99252,-239.71335932807327
176.49023032567942,1.9917,-239.60690490479203
176.8244329518021,1.99107,-239.53891471972523
177.1586355779248,1.99077,-239.49502338570716
177.49283820404744,1.99068,-239.52394585066088
177.82704083017015,1.99068,-239.4801708549641
178.16124345629282,1.99061,-239.44206435945728
178.4950950292368,1.99042,-239.43304517912395
178.82929765535948,1.99014,-239.29221902312813
179.1635002814822,1.98967,-239.3091309614263
179.49770290760486,1.98903,-239.22411055476505
179.83190553372754,1.98821,-239.17900786653811
180.16610815985015,1.98731,-239.0350751241336
180.50031078597289,1.98643,-238.988725359369
180.8345134120956,1.98566,-238.87626140809573
181.16836498503957,1.98512,-238.8371394473177
181.50256761116225,1.98484,-238.8270307940861
181.8367702372849,1.9847,-238.7647859439377
182.1709728634076,1.98462,-238.75917476048105
182.50517548953027,1.9844,-238.6692586658887
182.83937811565292,1.98405,-238.62139612254583
183.1735807417756,1.98361,-238.54867312067023
183.5074323147196,1.98298,-238.6152543602637
183.84163494084228,1.98224,-238.46082483910985
184.17583756696496,1.98142,-238.3721963407364
184.5100401930876,1.98065,-238.33688411970564
184.84424281921036,1.97991,-238.237829177632
185.178445445333,1.9794,-238.06214131950665
185.5126480714557,1.979,-238.0908154077367
185.8468506975784,1.97888,-238.1078896042182
186.18070227052235,1.9788,-238.0154874726191
186.51490489664505,1.9787,-238.00145866723716
186.84910752276767,1.97847,-237.99554711846807
187.1833101488904,1.97804,-237.8748259380968
187.51751277501307,1.97748,-237.9336872217209
187.85171540113572,1.9768,-237.8221391603273
188.1859180272584,1.97595,-237.75933410934576
188.52012065338107,1.97507,-237.5728234332357
188.85397222632508,1.97427,-237.4311846214281
189.18817485244776,1.97365,-237.4374364384605
189.52237747857043,1.97328,-237.39092901065823
189.8565801046931,1.97321,-237.388492763243
190.1907827308158,1.97325,-237.3636290529749
190.5249853569385,1.97323,-237.4143401392621
190.8591879830612,1.97317,-237.31859560661744
191.19339060918384,1.97294,-237.25752151769652
191.52724218212785,1.9725,-237.29509863497975
191.86144480825047,1.97194,-237.1529660573277
192.1956474343732,1.9712,-237.183796889066
192.52985006049587,1.97035,-237.12684103138372
192.86405268661852,1.96941,-236.90569503231404
193.1982553127412,1.96856,-236.88007197422095
193.5324579388639,1.968,-236.7360822904291
193.86666056498655,1.9676,-236.7192968146856
194.20051213793056,1.96745,-236.7052288317688
194.53471476405323,1.96732,-236.6602503148426
194.8689173901759,1.9672,-236.72213903108997
195.20312001629864,1.96692,-236.64743004035927
195.5373226424213,1.96645,-236.50638638838376
195.87152526854396,1.96585,-236.47745293223585
196.20572789466664,1.96506,-236.34715703029707
196.5399305207893,1.9641,-236.28655014485216
196.874133146912,1.96308,-236.19510102068745
197.207984719856,1.96211,-236.06475360913703
197.54218734597868,1.96144,-235.9685280205984
197.87638997210135,1.9611,-236.00966050421468
198.21059259822405,1.96119,-235.91490600682985
198.5447952243467,1.96148,-236.0377916120338
198.87899785046935,1.96181,-235.94064429110773
199.2132004765921,1.96209,-236.103509939885
199.54740310271475,1.96222,-236.03880647194904
199.8812546756587,1.9622,-236.00515501189173
200.2154573017814,1.96199,-236.0366787033871
200.5496599279041,1.96152,-235.90180059066589
200.8838625540268,1.96085,-235.8427826954785
201.21806518014944,1.95996,-235.79815715550248
201.5522678062721,1.95892,-235.6477854159148
201.88647043239484,1.95776,-235.52185161146664
202.2206730585175,1.95657,-235.35718013235984
202.55487568464017,1.95565,-235.25244436686577
202.88907831076284,1.95509,-235.1751965707805
203.22292988370685,1.95488,-235.18501790861015
203.5571325098295,1.95492,-235.1646299397506
203.89133513595215,1.95507,-235.09496057394992
204.22553776207488,1.95512,-235.1946187603294
204.55974038819755,1.95501,-235.1403720822538
204.89394301432023,1.95486,-235.16902383170637
205.2281456404429,1.95446,-235.09373363340129
205.5623482665656,1.95388,-235.0785393443848
205.89655089268825,1.95313,-235.00582934439552
206.23075351881096,1.95224,-234.8617337991134
206.56495614493363,1.95117,-234.7155011281576
206.8988077178776,1.95007,-234.67633431794889
207.2330103440003,1.94889,-234.52866526839887
207.567212970123,1.94795,-234.3631096395345
207.90141559624567,1.94728,-234.2689648785521
208.2356182223683,1.94695,-234.1379779961142
208.569820848491,1.94687,-234.14188969476368
208.9040234746137,1.94681,-234.1966748642629
209.2382261007364,1.94671,-234.17111380398669
209.57242872685904,1.94655,-234.1462092151205
209.9066313529817,1.9462,-234.1466594092274
210.2404829259257,1.94561,-234.06412013732583
210.5746855520484,1.94488,-233.97629842192535
210.90888817817105,1.944,-233.80630839279817
211.24309080429376,1.943,-233.7557751864205
211.57729343041643,1.94187,-233.59087009799288
211.91149605653916,1.94083,-233.46380447225908
212.24569868266175,1.93996,-233.4172569658388
212.57990130878443,1.93933,-233.31057350437044
212.9141039349072,1.93895,-233.25309565027044
213.24795550785112,1.9387,-233.2482571425832
213.58215813397385,1.93846,-233.1865548962358
213.9163607600965,1.93814,-233.20219242218727
214.2505633862192,1.93772,-233.1031691936961
214.58476601234184,1.93716,-233.09578258041307
214.9189686384645,1.9364,-232.94437629103956
215.2531712645872,1.9355,-232.83806525753548
215.5873738907099,1.93449,-232.7571471520216
215.9215765168326,1.93348,-232.5855322447512
216.25577914295525,1.93246,-232.4916509059297
216.58963071589923,1.93166,-232.35121798875184
216.92383334202188,1.93115,-232.2820624173624
217.25803596814453,1.9308,-232.28437415098952
217.5922385942673,1.93048,-232.27076182302253
217.92644122039,1.93012,-232.1369505941912
218.26064384651264,1.92971,-232.1627531233071
218.5948464726353,1.92914,-232.03273824561643
218.929049098758,1.92843,-231.96074523242677
219.26325172488063,1.92753,-231.923620026743
219.59745435100336,1.9266,-231.78859008211776
219.9313059239473,1.92564,-231.7249286456129
220.26550855007,1.92476,-231.58449102460332
220.5997111761927,1.92404,-231.4786520854481
220.93391380231532,1.92362,-231.44538293999557
221.268116428438,1.92326,-231.3656096033106
221.60231905456072,1.92295,-231.39174543972655
221.93652168068343,1.92248,-231.254526387158
222.2707243068061,1.922,-231.2562980104446
222.60492693292875,1.92129,-231.14586081414689
222.93912955905145,1.9204,-231.00626541661373
223.27333218517413,1.91938,-230.9085535688964
223.60753481129683,1.91835,-230.7693670533916
223.9413863842408,1.91752,-230.7247738487834
224.2755890103635,1.91696,-230.61354234692564
224.6097916364862,1.9167,-230.6052758415984
224.9439942626088,1.91666,-230.54693138042984
225.2781968887315,1.91663,-230.61962275592455
225.6123995148542,1.91659,-230.56127977465584
225.9466021409769,1.91639,-230.61569036395403
226.2808047670996,1.91603,-230.5762428075313
226.6150073932222,1.91546,-230.436962987568
226.9492100193449,1.91474,-230.36171751989733
227.2834126454676,1.91385,-230.16490788378505
227.61761527159027,1.91268,-230.11194583833748
227.9518178977129,1.91148,-229.96201932236497
228.28566947065693,1.91032,-229.82246466188516
228.6198720967797,1.90947,-229.69148803637856
228.9540747229023,1.90901,-229.67427324309892
229.28827734902492,1.90884,-229.707133931157
229.62247997514768,1.90884,-229.6444121640316
229.95668260127036,1.90881,-229.5245283124724
230.29088522739295,1.90874,-229.58100068019849
230.62508785351568,1.90852,-229.5772118688375
230.9592904796384,1.9081,-229.46399232193605
231.29349310576103,1.90747,-229.4699507207177
231.62769573188373,1.90668,-229.36913002819628
231.9615473048277,1.90563,-229.2466708022132
232.2957499309504,1.90449,-229.12854350954655
232.62995255707307,1.90322,-228.9889792442518
232.96415518319577,1.90215,-228.77490127939055
233.29835780931845,1.90124,-228.74138154937063
233.6325604354411,1.90064,-228.6711161504581
233.9667630615638,1.90023,-228.6426809478781
234.30096568768644,1.89985,-228.608242713194
234.63516831380915,1.89944,-228.5209797288372
234.96937093993185,1.89889,-228.4207322428266
235.30357356605447,1.89817,-228.32476653404143
235.6377761921772,1.89732,-228.2867842565956
235.9716277651212,1.89624,-228.10387636300985
236.30583039124383,1.89501,-228.0296791522069
236.64003301736653,1.89383,-227.8742847313412
236.9742356434892,1.89275,-227.72567627148908
237.3084382696119,1.89194,-227.5564908250739
237.6426408957346,1.89144,-227.4793806862078
237.9768435218573,1.89117,-227.57310272032652
238.3110461479799,1.8909,-227.4861271562663
238.64489772092392,1.89063,-227.39319374696512
238.97910034704657,1.8902,-227.3811304153116
239.31330297316924,1.88965,-227.2865496349072
239.647505599292,1.8889,-227.2266569849878
239.98170822541465,1.88802,-227.0904937113738
240.31591085153727,1.88696,-226.9951909938987
240.65011347766,1.88577,-226.85561266892412
240.98431610378267,1.8845,-226.7423681735158
241.31851872990535,1.88333,-226.5977859724799
241.6523703028493,1.88234,-226.3623440416946
241.986572928972,1.88169,-226.34790986509685
242.3207755550947,1.88134,-226.3395706968168
242.6549781812174,1.88116,-226.3198172371996
242.98918080734003,1.88097,-226.24632521823068
243.3233834334627,1.88077,-226.2522178252936
243.6575860595854,1.88047,-226.20686009384312
243.9917886857081,1.87995,-226.1875486149522
244.3259913118308,1.87924,-226.07196236328733
244.6598428847748,1.87835,-225.9931443796336
244.99404551089745,1.87728,-225.8307182712014
245.32824813702013,1.8761,-225.6735936895188
245.6624507631428,1.87486,-225.49837197328463
245.99665338926545,1.87375,-225.38925766963703
246.33085601538815,1.87286,-225.3063439565516
246.66505864151085,1.87214,-225.24409720566075
246.9992612676335,1.87157,-225.16984173659995
247.33346389375615,1.87093,-224.99022511232172
247.66766651987888,1.87028,-224.8914951264143
248.0015180928229,1.86947,-224.86308532604224
248.33572071894557,1.86853,-224.7278230371516
248.6699233450682,1.86741,-224.63961313557132
249.0041259711909,1.86626,-224.53099207582244
249.3383285973136,1.8651,-224.3803533400717
249.67253122343627,1.8641,-224.250625274794
250.0067338495589,1.86333,-224.14504279178112
250.3409364756816,1.86271,-224.13543382652085
250.6751391018043,1.86228,-224.01120412351
251.00899067474828,1.86191,-223.9852865325021
251.34319330087095,1.86147,-223.92318033164912
251.67739592699365,1.86089,-223.86258189465005
252.01159855311636,1.86017,-223.69627246726895
252.345801179239,1.85925,-223.60795930128995
252.68000380536168,1.85809,-223.5424181254044
253.0142064314844,1.85687,-223.36419707568604
253.34840905760703,1.85561,-223.17933031294584
253.6826116837297,1.85459,-223.1213413942241
254.01681430985244,1.85383,-223.06317612351663
254.3506658827964,1.85335,-222.97778131864027
254.68486850891904,1.85304,-222.9461054653913
255.0190711350417,1.85274,-222.90813817272064
255.3532737611644,1.85246,-222.8725777203021
255.6874763872871,1.85204,-222.7314658918333
256.02167901340977,1.85143,-222.66746488594177
256.35588163953247,1.85067,-222.65721981021537
256.6900842656551,1.84968,-222.42006195269616
257.0242868917778,1.84853,-222.3738214755605
257.35813846472183,1.84725,-222.2532243830796
257.69234109084454,1.84605,-222.11794429874155
258.0265437169671,1.84498,-221.92671244407808
258.36074634308983,1.84411,-221.8735685478884
258.6949489692125,1.84342,-221.78496011852312
259.02915159533524,1.8428,-221.6956947122312
259.36335422145794,1.84216,-221.67736860394592
259.6975568475806,1.84147,-221.5759519136987
260.03175947370323,1.8406,-221.47871228670945
260.3656110466472,1.83953,-221.23999738378907
260.6998136727699,1.83834,-221.0857245260139
261.03401629889254,1.83709,-221.0619273710499
261.36821892501524,1.83584,-220.843764073969
261.70242155113795,1.83477,-220.74055404597075
262.0366241772606,1.8339,-220.64515531067696
262.3708268033833,1.83326,-220.5334010187404
262.705029429506,1.8327,-220.4713625406795
263.03923205562864,1.83221,-220.4635894372248
263.3730836285726,1.83163,-220.36463355365208
263.7072862546953,1.83097,-220.27065053649
264.04148888081806,1.83013,-220.1476236861629
264.37569150694065,1.82916,-220.096593324452
264.70989413306336,1.82804,-219.8890543075115
265.044096759186,1.82686,-219.7889046389586
265.3782993853087,1.82565,-219.57595851813127
265.7125020114314,1.82461,-219.50737005040384
266.04670463755406,1.82379,-219.41955398415112
266.38055621049807,1.82318,-219.304460532794
266.7147588366208,1.82274,-219.27687354279809
267.0489614627435,1.82232,-219.22634725441463
267.3831640888661,1.82182,-219.23895276776287
267.7173667149888,1.82119,-219.08327250507608
268.0515693411116,1.82041,-218.98760053048952
268.3857719672342,1.81943,-218.9094899629428
268.7199745933568,1.8183,-218.69563047855493
269.05417721947947,1.81709,-218.5916632486496
269.3883798456022,1.81593,-218.4358237773082
269.7225824717248,1.81485,-218.2770127442996
270.0567850978475,1.81401,-218.20486951053996
270.3906366707915,1.81326,-218.13642303357253
270.7248392969142,1.81262,-218.0811929437681
271.0590419230369,1.8119,-218.08295654450657
271.39324454915953,1.81116,-217.87829816323037
271.72744717528224,1.81024,-217.82001415931683
272.0616498014049,1.80914,-217.6551883712748
272.3958524275276,1.80793,-217.47899796395447
272.7300550536503,1.8066,-217.30827910630185
273.06425767977294,1.80535,-217.20651966823257
273.39846030589564,1.80432,-217.0880702768321
273.73266293201834,1.8035,-216.89391089605056
274.066865558141,1.80289,-216.88343656855628
274.4010681842637,1.80245,-216.83779494784247
274.7352708103864,1.80196,-216.85240395861237
275.06947343650904,1.80143,-216.74923669352512
275.40367606263175,1.80074,-216.639361476215
275.73752763557576,1.79989,-216.60170266618917
276.07173026169835,1.79893,-216.4322934035731
276.40593288782105,1.79787,-216.34407091715772
276.7401355139438,1.79671,-216.1633849370136
277.07433814006646,1.79565,-216.05196784864611
277.4085407661891,1.79465,-215.95138035597705
277.7427433923117,1.79374,-215.7398683780968
278.0769460184344,1.79298,-215.6824496062468
278.4111486445572,1.79223,-215.63345315257092
278.7453512706798,1.79147,-215.54903173882116
279.07955389680245,1.79061,-215.39916621468743
279.41375652292515,1.78964,-215.3288467912183
279.7476080958692,1.78848,-215.12689267087248
280.0818107219918,1.78731,-215.03969275223625
280.4160133481145,1.78609,-214.84302368006345
280.7502159742372,1.78497,-214.76154006452865
281.08441860035987,1.78406,-214.6236429840593
281.41862122648257,1.78338,-214.54724768607488
281.7528238526053,1.78288,-214.4692956371527
282.0870264787279,1.78251,-214.47817643990575
282.42122910485057,1.78213,-214.32051707855496
282.75543173097327,1.78167,-214.2845613450316
283.089634357096,1.78111,-214.21383274001545
283.4238369832187,1.78032,-214.1842931960309
283.7580396093413,1.7793,-214.02807534174
284.09189118228534,1.77816,-213.9280264403341
284.42609380840804,1.77689,-213.78242043553092
284.7602964345307,1.77565,-213.6208904146302
285.09449906065333,1.77452,-213.52374230762584
285.42870168677604,1.77367,-213.35780385232124
285.76290431289874,1.77303,-213.2808171555482
286.09710693902133,1.77256,-213.24376932170412
286.43130956514403,1.7721,-213.1371440414025
286.76551219126674,1.77164,-213.05360691642727
287.09971481738944,1.77102,-212.9826281729621
287.43391744351214,1.77026,-212.93351450010235
287.76812006963473,1.76931,-212.91986668360784
288.10197164257875,1.76821,-212.7081619712136
288.43617426870145,1.76694,-212.6451547136012
288.7703768948241,1.76561,-212.47795342480717
289.1045795209468,1.76434,-212.30237489727963
289.4387821470695,1.76326,-212.10378439830157
289.7729847731922,1.76244,-212.0298696802724
290.1071873993148,1.76184,-212.0068946646112
290.4413900254375,1.76142,-211.873767842036
290.77559265156015,1.76101,-211.8137680377678
291.1097952776829,1.76063,-211.84883175822324
291.4439979038056,1.76012,-211.7173963359814
291.77820052992826,1.75944,-211.64605276625755
292.11240315605096,1.75855,-211.58633112248603
292.44660578217366,1.75751,-211.46653044736067
292.7808084082963,1.7563,-211.3105091265409
293.11465998124027,1.75498,-211.0955787722649
293.44886260736297,1.75374,-210.9621630874071
293.7830652334856,1.7527,-210.8928778446966
294.1172678596083,1.75188,-210.76454394864268
294.451470485731,1.75121,-210.7189058261036
294.78567311185367,1.75062,-210.6339743018945
295.1198757379764,1.75,-210.41274472071396
295.454078364099,1.74928,-210.4185832147548
295.78828099022166,1.74838,-210.3070090206817
296.1224836163444,1.74738,-210.15006405914937
296.4566862424671,1.74622,-210.0836027205053
296.7908888685897,1.74497,-209.9455677313223
297.1250914947124,1.7437,-209.78042747405544
297.45929412083507,1.74246,-209.63653105807208
297.793145693779,1.74146,-209.4953123861471
298.1273483199017,1.7406,-209.3867960972364
298.46155094602443,1.73993,-209.36336956427863
298.7957535721471,1.73924,-209.27506753103845
299.1299561982698,1.73855,-209.1834739365549
299.46415882439254,1.73774,-209.0045373774092
299.7983614505152,1.73691,-209.05529346099075
300.1325640766379,1.73589,-208.86868612252837
300.46676670276054,1.73474,-208.6974286382264
300.80096932888324,1.73353,-208.5154922956868
301.1351719550059,1.73229,-208.328247436367
301.46937458112853,1.73115,-208.2412499354149
301.80357720725124,1.73005,-208.2020717561383
302.13777983337394,1.72909,-208.06425186425903
302.47163140631795,1.72818,-207.8754687179945
302.8058340324406,1.72727,-207.77452200903684
303.1400366585633,1.72627,-207.6647032035854
303.47423928468595,1.72512,-207.5795586016114
303.8084419108086,1.72393,-207.2988935394833
304.1426445369313,1.72267,-207.1713292873632
304.47684716305395,1.72143,-207.09443224901025
304.81104978917665,1.72034,-206.95634391139916
305.1452524152993,1.71944,-206.8430762721781
305.479455041422,1.71879,-206.7887774854537
305.8136576675447,1.7182,-206.6715423802582
306.1478602936674,1.71766,-206.68712449906525
306.48171186661136,1.71707,-206.5887871908524
306.815914492734,1.71637,-206.52669205449345
307.1501171188567,1.71554,-206.4148956757743
307.4843197449794,1.71456,-206.1994733527652
307.8185223711021,1.71338,-206.12945187318397
308.1527249972248,1.71226,-205.997955351681
308.48692762334747,1.71106,-205.8365030451075
308.8211302494701,1.7101,-205.7313911045076
309.1553328755928,1.70922,-205.61688344070512
309.48918444853683,1.70848,-205.50238431255008
309.8233870746595,1.70785,-205.4283322418755
310.1575897007822,1.70723,-205.3384368519784
310.4917923269049,1.70652,-205.2802152768346
310.82599495302753,1.70568,-205.2013731623471
311.1601975791502,1.70469,-205.07020699213604
311.4944002052729,1.7036,-204.9612583993501
311.8286028313956,1.70237,-204.81671857956024
312.1624544043395,1.70119,-204.61713095924367
312.4966570304622,1.70011,-204.4837920952125
312.8308596565849,1.69917,-204.3655781506856
313.1650622827076,1.69832,-204.20754106861204
313.49926490883024,1.69753,-204.1953602523784
313.8334675349529,1.69678,-204.16947426500312
314.1676701610756,1.69591,-203.9955614158617
314.5018727871983,1.69493,-203.95693577378688
314.83607541332094,1.69383,-203.70811763045373
315.1699269862649,1.6926,-203.58543323474925
315.50412961238766,1.69136,-203.47689939683056
315.8383322385103,1.69017,-203.32861151663485
316.1725348646329,1.68916,-203.20881561990493
316.50673749075565,1.68836,-203.1311377555915
316.8409401168783,1.68775,-202.99034535041005
317.17514274300106,1.68725,-202.96219395368303
317.50934536912376,1.68668,-202.8970382556721
317.8435479952464,1.68608,-202.81314232008543
318.1773995681904,1.68542,-202.83279894294705
318.51160219431307,1.68461,-202.6697459787935
318.8458048204358,1.6836,-202.5365338300752
319.1800074465584,1.68244,-202.3568000194716
319.5142100726811,1.68125,-202.28570083289048
319.84841269880377,1.68004,-202.1082669849605
320.1826153249265,1.67891,-202.00924753394196
320.5168179510491,1.67798,-201.88568499275303
320.8506695239931,1.67724,-201.7379369246431
321.1848721501157,1.67655,-201.70007456963103
321.5190747762384,1.67584,-201.57971131268957
321.8532774023612,1.67511,-201.49359628949887
322.18748002848383,1.67423,-201.3894366208067
322.52168265460654,1.67321,-201.3633797625093
322.85588528072924,1.67203,-201.12480346970688
323.1900879068519,1.67069,-200.97354142064225
323.52393947979584,1.66934,-200.90755805803235
323.85814210591855,1.66804,-200.7312854056925
324.1923447320412,1.66692,-200.58976379537577
324.5265473581639,1.666,-200.4009418936828
324.8607499842866,1.66523,-200.35335598291277
325.19495261040925,1.66457,-200.20073991148712
325.52915523653195,1.66393,-200.1519443248233
325.86335786265465,1.66325,-200.05858701586
326.19756048877724,1.66249,-199.97725789630152
326.53141206172126,1.6616,-199.8221136846572
326.865614687844,1.66058,-199.80543030556916
327.19981731396666,1.65937,-199.60028229483785
327.53401994008937,1.65805,-199.47293517978068
327.86822256621207,1.65672,-199.34747539443575
328.2024251923347,1.65543,-199.1939277823372
328.5366278184573,1.6544,-199.000784320528
328.87083044458,1.65352,-198.8966046030483
329.204682017524,1.65295,-198.85269114762477
329.53888464364667,1.65243,-198.77697780540487
329.87308726976937,1.65194,-198.723044373204
330.2072898958921,1.65143,-198.58092367898288
330.5414925220147,1.65087,-198.5563551625925
330.8756951481374,1.65011,-198.56212650128364
331.20989777426,1.64923,-198.3870355722984
331.5441004003828,1.64812,-198.2749665558511
331.8783030265055,1.64683,-198.2165528667149
332.2121545994495,1.64539,-197.9234557301849
332.54635722557214,1.64401,-197.8100214057191
332.88055985169484,1.6427,-197.65883571746105
333.21476247781754,1.64162,-197.4585529334956
333.54896510394013,1.64076,-197.4092301739243
333.88316773006284,1.63997,-197.2895170479512
334.21737035618554,1.63927,-197.20862127995105
334.5515729823082,1.63852,-197.0513020276259
334.8854245552522,1.63772,-196.9780666935457
335.2196271813749,1.63677,-196.9045548507443
335.55382980749755,1.63561,-196.774721282893
335.8880324336202,1.63428,-196.63433466597849
336.22223505974284,1.63293,-196.4638561485998
336.55643768586555,1.63148,-196.23888594189847
336.89064031198825,1.63014,-196.1329192763972
337.2248429381109,1.6289,-195.86041714556865
337.5590455642336,1.62786,-195.86518068641124
337.8932481903563,1.62693,-195.77425469986787
338.22709976330026,1.62605,-195.64575631124725
338.56130238942296,1.62511,-195.51971690564983
338.8955050155456,1.62418,-195.4628373860259
339.2297076416683,1.62303,-195.2062925279668
339.56391026779096,1.62177,-195.0774991817974
339.89811289391366,1.62039,-195.00037945833705
340.2323155200364,1.61889,-194.81332000227715
340.56651814615907,1.61739,-194.57312754390983
340.9007207722818,1.61606,-194.37289308353772
341.2349233984044,1.61501,-194.32069310433053
341.56912602452707,1.61417,-194.2100350263557
341.90332865064977,1.61352,-194.1365198559914
342.2375312767724,1.61296,-194.019403362678
342.5717339028951,1.61234,-193.9560320674127
342.90558547583913,1.6117,-193.8548048826925
343.23978810196184,1.61103,-193.78867312063616
343.5739907280844,1.61015,-193.7165983186556
343.9081933542071,1.60911,-193.58659568204888
344.24239598032983,1.60785,-193.4431372810143
344.5765986064525,1.60642,-193.2775881518293
344.91080123257524,1.60487,-193.07974073947167
345.2450038586979,1.6033,-192.87180953518768
345.57920648482053,1.60192,-192.75843680665295
345.91340911094323,1.60075,-192.539360494818
346.2476117370659,1.59975,-192.48781928838503
346.5818143631885,1.5989,-192.3439182254406
346.91601698931123,1.59809,-192.2497085700314
347.2502196154339,1.59729,-192.13287868692427
347.5844222415566,1.59639,-192.0562953936437
347.9182738145006,1.59538,-191.94930253960072
348.2524764406233,1.59423,-191.80288035806288
348.58667906674594,1.59291,-191.65514235605173
348.9208816928687,1.59147,-191.44548070154264
349.2550843189913,1.5899,-191.2803277128408
349.589286945114,1.5883,-191.06254053020373
349.9234895712367,1.58677,-190.954493741078
350.25769219735935,1.58544,-190.7928364361583
350.59189482348205,1.5843,-190.68708305568373
350.92609744960475,1.58331,-190.50969786372428
351.2603000757274,1.58237,-190.3523983341284
351.5938005954927,1.58143,-190.2251302780726
351.92730111525793,1.58045,-190.08827431657707
352.2643121668102,1.57939,-189.9623798665945
352.59781268657554,1.57809,-189.87682171035516
352.9313132063408,1.57675,-189.70782056896508
353.26481372610607,1.57522,-189.5237375085747
353.59831424587134,1.57362,-189.3139304182101
353.9353252974237,1.57201,-189.1013662202121
354.26882581718894,1.57047,-188.92703153012485
354.60232633695426,1.56909,-188.73444574409336
354.9358268567195,1.56789,-188.63865286131565
355.26932737648474,1.56678,-188.52074730717672
355.60282789625006,1.56566,-188.41408185852785
355.93983894780234,1.56454,-188.1622458949693
356.2733394675676,1.56331,-188.06568585287167
356.6068399873329,1.56198,-187.93213911157744
356.9403405070982,1.56048,-187.7128134069304
357.2738410268634,1.55885,-187.5386055939213
357.61085207841575,1.55717,-187.37211162771365
357.944352598181,1.55555,-187.15083633266897
358.2778531179463,1.55411,-186.93889531402303
358.61135363771155,1.55292,-186.8420706213593
358.94485415747687,1.55192,-186.7496045166374
359.28186520902915,1.551,-186.6343884016828
359.6153657287944,1.55021,-186.49132741629688
359.9488662485597,1.54941,-186.42602533837825
360.282366768325,1.54856,-186.2634754302
360.61586728809016,1.54756,-186.1463229693821
360.95287833964255,1.54648,-186.03947877007155
361.28637885940776,1.54517,-185.84185568069503
361.61987937917314,1.54374,-185.72371228353404
361.9533798989383,1.54213,-185.5039013158313
362.2868804187036,1.54037,-185.31983291036656
362.6238914702559,1.53859,-185.11657247452288
362.9573919900212,1.53695,-184.9177007768935
363.2908925097865,1.53556,-184.7549267668976
363.62439302955175,1.53438,-184.59317278319625
363.957893549317,1.53347,-184.4852458672165
364.29490460086936,1.53263,-184.41304922183912
364.6284051206346,1.53184,-184.2142271608824
364.9619056403999,1.53113,-184.18844370237937
365.2954061601651,1.53027,-184.08189504322536
365.6289066799305,1.52934,-183.98529072672216
365.96240719969575,1.52818,-183.8654376800794
366.299418251248,1.5269,-183.6749614071424
366.6329187710133,1.52539,-183.52377823509303
366.9664192907786,1.52372,-183.2955116053426
367.2999198105438,1.52195,-183.087013786484
367.6334203303092,1.52022,-182.89253965717964
367.9704313818614,1.51849,-182.6421899907135
368.3039319016267,1.517,-182.46431656452475
368.637432421392,1.51569,-182.3521478779015
368.9709329411573,1.51449,-182.18672229191284
369.3044334609225,1.51341,-182.11112169631895
369.6414445124748,1.51232,-181.9858850952792
369.97494503224,1.51122,-181.8491232773996
370.3084455520054,1.51004,-181.67850510348373
370.6419460717706,1.50877,-181.51960503384035
370.975446591536,1.50739,-181.28899730247724
371.3124576430882,1.50584,-181.12656238921
371.6459581628536,1.50432,-180.97529165916197
371.9794586826188,1.50274,-180.75368589276516
372.312959202384,1.50125,-180.6598416196829
372.64645972214936,1.49998,-180.48160844388565
372.97996024191457,1.49896,-180.36778286601827
373.3169712934669,1.49806,-180.17883528279376
373.6504718132322,1.49725,-180.1022270410064
373.98397233299744,1.49648,-179.9857751503372
374.3174728527627,1.49568,-179.92244690486362
374.650973372528,1.49479,-179.83616471113228
374.9879844240803,1.49379,-179.7368110757423
375.3214849438455,1.49262,-179.57358585555122
375.6549854636109,1.49132,-179.45883818258815
375.98848598337617,1.48983,-179.2603332764131
376.3219865031414,1.48837,-179.06679277050992
376.65899755469366,1.48687,-178.9190229929905
376.992498074459,1.48555,-178.72301085856688
377.32599859422425,1.48436,-178.62130263438198
377.6594991139895,1.48333,-178.429308302746
377.9929996337548,1.48239,-178.35913758076944
378.3300106853071,1.48144,-178.249328234797
378.6635112050724,1.48036,-178.0071288579245
378.9970117248377,1.47928,-177.9686819715666
379.33051224460286,1.47801,-177.78357666440013
379.6640127643682,1.47655,-177.63296452134895
379.9975132841335,1.47499,-177.46449231711927
380.3345243356858,1.47329,-177.2068905414296
380.6680248554511,1.4715,-177.05035540850545
381.0015253752163,1.46977,-176.8275283115303
381.3350258949816,1.46812,-176.62029700505798
381.6685264147469,1.4665,-176.4341157248135
382.0055374662992,1.46499,-176.2291199718839
382.3390379860644,1.46344,-176.00900409174722
382.6725385058297,1.46188,-175.87255781226008
383.006039025595,1.46021,-175.5799307985643
383.3395395453603,1.45846,-175.4522648668398
383.6765505969125,1.45655,-175.24292509369238
384.01005111667786,1.45455,-174.978951938717
384.3435516364431,1.45248,-174.7532483197187
384.6770521562085,1.45039,-174.4959271095208
385.0105526759737,1.44839,-174.27269718786962
385.34756372752594,1.44656,-174.02947384799228
385.68106424729126,1.44494,-173.82161321635007
386.0145647670565,1.44343,-173.66860494873444
386.3480652868218,1.44197,-173.48291977614
386.6815658065871,1.44046,-173.30707760149676
387.0150663263523,1.43899,-173.0942085087579
387.3520773779047,1.43737,-172.91659793728763
387.68557789766993,1.43563,-172.71580212603232
388.0190784174353,1.43375,-172.47676074534084
388.35257893720046,1.43178,-172.25406919126172
388.6860794569657,1.42971,-172.04207291459872
389.02309050851807,1.42755,-171.732358593849
389.3565910282833,1.42542,-171.5045850892008
389.6900915480486,1.42329,-171.22420326295585
390.02359206781387,1.4212,-170.94583120885702
390.3570925875792,1.41919,-170.7932028407406
390.6941036391314,1.4172,-170.5184316027066
391.0276041588968,1.41516,-170.22504654921005
391.361104678662,1.41308,-169.96913535365303
391.69460519842727,1.41095,-169.7270199734151
392.0281057181926,1.40873,-169.5076832611446
392.3651167697448,1.40649,-169.2214430955418
392.6986172895101,1.40422,-168.93288931452642
393.0321178092754,1.40205,-168.64241672275404
393.3656183290407,1.40001,-168.45011955130207
393.699118848806,1.39811,-168.23122836469287
394.0326193685712,1.39632,-167.94631445468917
394.36963042012354,1.39465,-167.71337215804277
394.7031309398888,1.39293,-167.5690271251643
395.0366314596541,1.39121,-167.3496284681562
395.37013197941934,1.3894,-167.1457739997825
395.7036324991846,1.38748,-166.93005200401885
396.0406435507369,1.38552,-166.69844352802724
396.3741440705022,1.38344,-166.43297801860706
396.70764459026753,1.38129,-166.17834004490516
397.0411451100328,1.37918,-165.92187856927788
397.37464562979807,1.37715,-165.67905231014444
397.7116566813504,1.37526,-165.51337494277792
398.0451572011156,1.37355,-165.239008116742
398.3786577208809,1.37196,-165.0546655102391
398.71215824064615,1.3704,-164.86006095386642
399.0456587604114,1.36881,-164.63332010963578
399.3826698119637,1.36722,-164.440700906431
399.716170331729,1.36553,-164.27005482168107
400.0496708514943,1.36375,-164.05058216210122
400.3831713712596,1.36184,-163.877788932339
400.7166718910249,1.35992,-163.6644467923526
401.0536829425772,1.35798,-163.3794844336402
401.3871834623424,1.35604,-163.15156573831203
401.7206839821077,1.35423,-162.9512530404031
402.054184501873,1.3525,-162.67163846573476
402.3876850216383,1.35092,-162.54887119185116
402.7246960731905,1.34939,-162.35283716350455
403.0581965929558,1.34788,-162.1697976662606
403.3916971127211,1.34629,-161.9851328460189
403.7251976324864,1.3447,-161.76561423498217
404.0586981522516,1.34301,-161.54363936186502
404.395709203804,1.34128,-161.31944328934853
404.7292097235692,1.33946,-161.09665343630718
405.06271024333455,1.33763,-160.92051222965154
405.3962107630998,1.3359,-160.73501175006623
405.72971128286497,1.33428,-160.5201961581636
406.0632118026304,1.33272,-160.32982592996655
406.4002228541826,1.33125,-160.1676180227098
406.733723373948,1.32975,-159.98714746719125
407.0672238937131,1.32823,-159.79889909933107
407.4007244134785,1.32667,-159.7262331361547
407.7342249332437,1.32509,-159.40002633706962
408.071235984796,1.32342,-159.18726085753602
408.4047365045613,1.32168,-158.98848843577966
408.73823702432657,1.31996,-158.78291947254783
409.07173754409183,1.31827,-158.5401384242895
409.4052380638572,1.31673,-158.4075168756437
409.7422491154094,1.31524,-158.21114378595448
410.0757496351747,1.31391,-158.07739318119866
410.40925015494,1.31264,-157.92459862956264
410.7427506747053,1.31138,-157.77963642792415
411.0762511944705,1.31007,-157.61804925458304
411.4132622460228,1.30873,-157.48163967307175
411.7467627657881,1.30726,-157.29814373227225
412.08026328555343,1.30574,-157.1022108628479
412.4137638053186,1.30419,-156.87022912984483
412.7472643250839,1.30258,-156.7039022899453
413.0842753766362,1.30101,-156.47227769934898
413.4177758964015,1.29958,-156.3053832477433
413.7512764161668,1.29823,-156.21421969242067
414.0847769359321,1.29693,-156.06811850000767
414.4182774556973,1.29565,-155.88183028152264
414.7552885072496,1.2943,-155.75163329906775
415.0887890270149,1.29292,-155.55468657570626
415.4222895467802,1.29149,-155.3748049899692
415.7557900665454,1.29,-155.24576107818925
416.0892905863108,1.28845,-154.95126705654772
416.426301637863,1.28692,-154.85330304073238
416.7598021576284,1.2854,-154.6063991294399
417.0933026773935,1.28394,-154.47298048983768
417.4268031971589,1.28252,-154.27652866467778
417.7603037169241,1.28116,-154.09884559833895
418.0973147684765,1.27978,-153.9878489569554
418.4308152882417,1.27835,-153.80431555232235
418.764315808007,1.27684,-153.6034377854557
419.09781632777225,1.27528,-153.4451030122525
419.4313168475376,1.2737,-153.22827230994866
419.76832789908985,1.27216,-153.0214639135898
420.1018284188551,1.27064,-152.8689811468856
420.4353289386204,1.26928,-152.73824554157267
420.7688294583857,1.26802,-152.57284239040976
421.1023299781509,1.26683,-152.40179964702224
421.4393410297032,1.26572,-152.2644257079658
421.77284154946847,1.26456,-152.12360074498912
422.1063420692338,1.26334,-151.9340487737276
422.4398425889991,1.26208,-151.8555676764314
422.7733431087643,1.26076,-151.66646966158387
423.1068436285296,1.25925,-151.5099647888821
423.4438546800818,1.25775,-151.32074592145025
423.7773551998472,1.25617,-151.13319512097027
424.11085571961246,1.2547,-150.9476142275992
424.4443562393777,1.2533,-150.78409630951842
424.777856759143,1.25202,-150.61633400348208
425.1148678106953,1.25085,-150.50309072131355
425.4483683304606,1.24977,-150.35071624384292
425.7818688502258,1.24864,-150.18368717822787
426.11536936999113,1.24752,-150.09249032958346
426.4488698897564,1.24634,-149.93807795302433
426.7858809413087,1.2451,-149.79142026900615
427.119381461074,1.24382,-149.63978810724316
427.45288198083927,1.24241,-149.43922386554914
427.7863825006045,1.24097,-149.2573923747304
428.1198830203698,1.23943,-149.0981711402951
428.4568940719221,1.23791,-148.9610038222931
428.79039459168735,1.23642,-148.75326925637498
429.1238951114527,1.23502,-148.5540878211559
429.45739563121793,1.23371,-148.48632194516856
429.7908961509832,1.23241,-148.24388261221478
430.1279072025354,1.23116,-148.11561706579346
430.4614077223008,1.22988,-147.97499279795318
430.7949082420661,1.22859,-147.80270487371516
431.12840876183134,1.22725,-147.68306572377415
431.4619092815967,1.22586,-147.47303909387898
431.7989203331489,1.22443,-147.2985317875736
432.1324208529142,1.22297,-147.15705155758016
432.4659213726795,1.22153,-146.971584108448
432.7994218924448,1.22023,-146.79944161501032
433.13292241221,1.21907,-146.67683527991187
433.46993346376223,1.21803,-146.58079735050086
433.8034339835276,1.21707,-146.4118956770802
434.1369345032929,1.21612,-146.35094314088417
434.4704350230581,1.21517,-146.16029239269184
434.8039355428234,1.21422,-146.0533923704494
435.14094659437575,1.21322,-145.9209938658278
435.474447114141,1.21207,-145.82005271755256
435.8079476339063,1.2109,-145.70469736058433
436.1414481536716,1.20961,-145.54106692841515
436.4749486734368,1.20836,-145.3954001668384
436.8119597249891,1.20704,-145.21491038652442
437.1454602447544,1.20582,-145.0778892942475
437.4789607645197,1.2047,-144.95501223227367
437.8124612842849,1.20362,-144.81791240831743
438.1459618040502,1.2026,-144.7000508770896
438.4794623238155,1.20158,-144.54254703159492
438.81647337536776,1.20049,-144.46164515316315
438.9568946468479,1.20004,-144.38368352343798
